{"type":"FeatureCollection","name":"commercial_township_road_centerlines","metadata":{"source":"NJOGIS NG911 Road Centerlines (Tran_road)","url":"https://services2.arcgis.com/XVOqAjTOJ5P6ngMu/arcgis/rest/services/Tran_road/FeatureServer/0","query_url":"https://services2.arcgis.com/XVOqAjTOJ5P6ngMu/arcgis/rest/services/Tran_road/FeatureServer/0/query","retrieved_at_utc":"2026-09-04T20:05:05.501898+00:00","source_last_edit_date":1785341586960,"out_sr":4326,"query_envelope_wgs84":[-75.1162,39.2109262,-74.9916128,39.2675672],"spatial_relationship":"esriSpatialRelIntersects","boundary_file":"commercial_township_boundary.geojson","boundary_sha256":"082022bfc64e49e5d517868418c287954d8e7152565bd12a1f4d48168fdcb56c","fields":["OBJECTID","PRIMENAME","ELEVTYP_F","ELEVTYP_T"],"feature_count":212,"complete_objectid_inventory_verified":true,"municipal_clipping":"Envelope selection only; clip against the actual municipal boundary in the application."},"features":[{"type":"Feature","id":2503,"properties":{"OBJECTID":2503,"PRIMENAME":"Bacon Street","ELEVTYP_F":0,"ELEVTYP_T":0},"geometry":{"type":"LineString","coordinates":[[-75.0370187584076,39.2490104528955],[-75.0371794466379,39.2478829863112],[-75.0372801858609,39.2472203132328]]}},{"type":"Feature","id":3429,"properties":{"OBJECTID":3429,"PRIMENAME":"Main Street","ELEVTYP_F":0,"ELEVTYP_T":0},"geometry":{"type":"LineString","coordinates":[[-75.0401424839443,39.2461487148114],[-75.0410221446855,39.2462332905145],[-75.041766645736,39.246301135881]]}},{"type":"Feature","id":4007,"properties":{"OBJECTID":4007,"PRIMENAME":"Hanseys Creek Road","ELEVTYP_F":0,"ELEVTYP_T":0},"geometry":{"type":"LineString","coordinates":[[-75.0897218272903,39.2647244935208],[-75.0897272118335,39.2646674662886],[-75.0897270070492,39.2646430300186],[-75.08971622961,39.2646086815737],[-75.0897030960705,39.2645798355257],[-75.0896614995113,39.2644884503961],[-75.0893661259521,39.2639081065517],[-75.0890181611017,39.2632804432471],[-75.0889661597426,39.2631866404363],[-75.0883210041492,39.2619994255129],[-75.0879509045563,39.261316080383],[-75.0877796893945,39.2610044292572]]}},{"type":"Feature","id":9413,"properties":{"OBJECTID":9413,"PRIMENAME":"Main Street","ELEVTYP_F":0,"ELEVTYP_T":0},"geometry":{"type":"LineString","coordinates":[[-74.9923470812586,39.2238700290171],[-74.9923074015576,39.2242235981168],[-74.9922195498609,39.2250438948671],[-74.9922006806795,39.2252109954607],[-74.9921546220705,39.2256188759299],[-74.9921412762624,39.2258258218218],[-74.9921401959812,39.2258436095487],[-74.9921280109183,39.226044299711],[-74.9921286680347,39.2261383924818]]}},{"type":"Feature","id":16668,"properties":{"OBJECTID":16668,"PRIMENAME":"Church Street","ELEVTYP_F":0,"ELEVTYP_T":0},"geometry":{"type":"LineString","coordinates":[[-75.0381387942606,39.2490215932783],[-75.0383617334291,39.2476464761305],[-75.0384114107844,39.2473268385361]]}},{"type":"Feature","id":17206,"properties":{"OBJECTID":17206,"PRIMENAME":"Cherry Street","ELEVTYP_F":0,"ELEVTYP_T":0},"geometry":{"type":"LineString","coordinates":[[-75.0309647037507,39.2452737421093],[-75.0309778766971,39.2451990266203],[-75.0309863612818,39.2451207904804],[-75.030990477707,39.2450532273481],[-75.0309990327171,39.2449749629588],[-75.031003105369,39.2449109690719],[-75.0310024617116,39.2448256085227],[-75.0309972472227,39.2447369429847],[-75.0309972367325,39.2447367808849],[-75.0309827694079,39.2446444272345],[-75.0309591824298,39.244541460259],[-75.0309307551982,39.2444100431284],[-75.0308977019814,39.2442644519547],[-75.0308552526949,39.2440904584044],[-75.0308033563787,39.2438809777479],[-75.0307516207445,39.2436927754971],[-75.0306953129836,39.243497510902],[-75.0306338521968,39.2432276133884],[-75.0305631578382,39.2429506468176]]}},{"type":"Feature","id":40027,"properties":{"OBJECTID":40027,"PRIMENAME":"Franklin Lane","ELEVTYP_F":0,"ELEVTYP_T":0},"geometry":{"type":"LineString","coordinates":[[-75.1177568057376,39.2625474763023],[-75.1177367830934,39.2624633725924],[-75.1177165393771,39.2623984348752],[-75.1176762853833,39.2623029332652],[-75.1175754671459,39.2620355162293],[-75.1174342622293,39.2616573049628],[-75.1173381202564,39.2613630654639],[-75.1172776913802,39.261210259032],[-75.1171869670499,39.2609657417538],[-75.1170810396549,39.2606830581666],[-75.1169541680143,39.2602511744942],[-75.1168271291814,39.2598039984012],[-75.1167306569999,39.2594714844222],[-75.1166389282214,39.2591159366122],[-75.1165476355729,39.2588140371323],[-75.1164863384612,39.2585616488159],[-75.1164505300648,39.2584087655835],[-75.1164251432659,39.2583208461983],[-75.1163900384118,39.2582482713793],[-75.1163552012581,39.2582063913044],[-75.1163056024279,39.2581645352917],[-75.1162461841168,39.2581265740957],[-75.1161621503108,39.2580887440105],[-75.1160337285724,39.2580434611203],[-75.1156781573527,39.2579228558499],[-75.1154213504885,39.2578323427091],[-75.115125031454,39.2577305604225]]}},{"type":"Feature","id":44422,"properties":{"OBJECTID":44422,"PRIMENAME":"Strawberry Avenue","ELEVTYP_F":0,"ELEVTYP_T":0},"geometry":{"type":"LineString","coordinates":[[-75.0597245263622,39.2664520234519],[-75.0598635027097,39.2666089602667],[-75.0606712679665,39.2675299051584],[-75.0614833250085,39.2684372050325],[-75.0617573532079,39.2687152847758]]}},{"type":"Feature","id":44823,"properties":{"OBJECTID":44823,"PRIMENAME":"School House Lane","ELEVTYP_F":0,"ELEVTYP_T":0},"geometry":{"type":"LineString","coordinates":[[-74.9921286680347,39.2261383924818],[-74.991729555803,39.2261039720671],[-74.9912743356628,39.2260625650285],[-74.9910234297438,39.2260397349101]]}},{"type":"Feature","id":45636,"properties":{"OBJECTID":45636,"PRIMENAME":"Strawberry Avenue","ELEVTYP_F":0,"ELEVTYP_T":0},"geometry":{"type":"LineString","coordinates":[[-75.0450356829322,39.2436679656271],[-75.0450259213397,39.2436246656724],[-75.0449055459691,39.2430906312189],[-75.044805306898,39.2425436341898],[-75.0446287288456,39.2415810476561],[-75.0444389995202,39.2406932325699],[-75.0443615817339,39.2401819376412],[-75.0443330314905,39.2399933807886]]}},{"type":"Feature","id":48391,"properties":{"OBJECTID":48391,"PRIMENAME":"Maurice Street","ELEVTYP_F":0,"ELEVTYP_T":0},"geometry":{"type":"LineString","coordinates":[[-75.0245252224562,39.2461166656527],[-75.0246231450075,39.2453446544047],[-75.0246905033064,39.2448032086246],[-75.0246996048937,39.2447300408576]]}},{"type":"Feature","id":49489,"properties":{"OBJECTID":49489,"PRIMENAME":"Union Street","ELEVTYP_F":0,"ELEVTYP_T":0},"geometry":{"type":"LineString","coordinates":[[-75.0968295499909,39.2675747974062],[-75.0966862637827,39.2677140787222],[-75.0964811153562,39.2679103478718],[-75.0963197081818,39.2680413475823],[-75.0962073472841,39.2681414268467],[-75.096168185976,39.2681760852857],[-75.0961438263963,39.2682068520883],[-75.0961293214317,39.2682375684379],[-75.0961196938283,39.2682644160438],[-75.0961248988158,39.2682949756422],[-75.0961300669699,39.2683255642549],[-75.0961450262593,39.2683484683433],[-75.0961747200253,39.2683636373729],[-75.0962093582855,39.2683787540551],[-75.0971244094331,39.269042694696]]}},{"type":"Feature","id":50167,"properties":{"OBJECTID":50167,"PRIMENAME":"Quail Drive","ELEVTYP_F":0,"ELEVTYP_T":0},"geometry":{"type":"LineString","coordinates":[[-75.0450356829322,39.2436679656271],[-75.0449238937844,39.2436913055647],[-75.0448628466486,39.2436989031211],[-75.044805153529,39.2437060840918],[-75.0446635963594,39.243724510324],[-75.0445265931215,39.2437429430188],[-75.0444214982689,39.2437505183634],[-75.044316347482,39.2437510098296],[-75.0442111431095,39.2437444174062],[-75.0441287816455,39.2437376911466],[-75.044041764872,39.2437131944871],[-75.0439592122626,39.2436815649424],[-75.0438903407318,39.2436428153319],[-75.0438306136975,39.2436039950569],[-75.0437386495648,39.2435333110264],[-75.0433380694098,39.2431690405]]}},{"type":"Feature","id":50639,"properties":{"OBJECTID":50639,"PRIMENAME":"Dragston Road","ELEVTYP_F":0,"ELEVTYP_T":0},"geometry":{"type":"LineString","coordinates":[[-75.0652189328377,39.2558500417784],[-75.0652469828161,39.2559162364008],[-75.0653323693848,39.2561263626932],[-75.0655229446786,39.2565579935126],[-75.0659742944012,39.2575817024523],[-75.0663220674817,39.258383834844],[-75.0664860403164,39.2587620325031],[-75.0665812886701,39.2589721088879],[-75.0666363228822,39.2590828766695],[-75.0666763206974,39.2591553887494],[-75.0667212243341,39.2592317477495],[-75.066785963276,39.2593194865974],[-75.0667984659854,39.2593360377034],[-75.0668406894076,39.2593919260338],[-75.0669053040968,39.2594643452318],[-75.0669797376278,39.2595367165892],[-75.0670026280698,39.2595589733152],[-75.0670541713049,39.2596090869962],[-75.067133518514,39.2596776175676],[-75.067217835604,39.2597537573955],[-75.0673466934504,39.2598564776627],[-75.0674855224153,39.2599782861387],[-75.0676937603537,39.2601533799082],[-75.0683708550859,39.2607442727808],[-75.0684674367688,39.2608386374921],[-75.0685418733647,39.2609110078116],[-75.0686162790602,39.2609795344505],[-75.0686610350594,39.2610329117701],[-75.068743521641,39.2611354992603],[-75.0688251402924,39.2612311726614],[-75.0689845186359,39.2614562277605],[-75.0692236818987,39.261803404553],[-75.0699659606867,39.2628639492346],[-75.0706785793333,39.263905497364],[-75.0707932089292,39.264077172412],[-75.070892863085,39.2642183344645],[-75.0710122828957,39.2643708488759],[-75.071101892296,39.2644928942419],[-75.071211180767,39.26461105508],[-75.0713254436756,39.2647329793365],[-75.0714743347323,39.2648738713736],[-75.0716479654984,39.2650338075232],[-75.0720431369566,39.265411897599],[-75.072049935793,39.2654184536654],[-75.0721308691817,39.2654893898313],[-75.0722379010162,39.265629470395]]}},{"type":"Feature","id":53373,"properties":{"OBJECTID":53373,"PRIMENAME":"Matts Landing Road","ELEVTYP_F":0,"ELEVTYP_T":0},"geometry":{"type":"LineString","coordinates":[[-75.0124061979783,39.23221416924],[-75.0124726478699,39.2321885701003],[-75.0126624779789,39.2321155230378],[-75.0128106402579,39.2320606971848],[-75.0129773367317,39.2320058183462],[-75.0132274998241,39.2319325037391],[-75.0133665084562,39.2318957853038],[-75.0135519668259,39.2318624859256],[-75.0137791622311,39.2318253502286],[-75.0140666999791,39.2317843787338],[-75.0143960274364,39.2317468189693],[-75.0147763594016,39.2316981869731],[-75.014994330613,39.2316647416063],[-75.0153700539798,39.2316233769655],[-75.0156715518428,39.231589532809],[-75.0158153766795,39.2315744540058],[-75.0158941471111,39.231556065288],[-75.0159449042608,39.231516110606],[-75.0160138431756,39.2314183326488]]}},{"type":"Feature","id":53557,"properties":{"OBJECTID":53557,"PRIMENAME":"Brown Street","ELEVTYP_F":0,"ELEVTYP_T":0},"geometry":{"type":"LineString","coordinates":[[-75.039922859087,39.2474627834624],[-75.0401030714867,39.2474785040373],[-75.0405800800385,39.2475259603387],[-75.040909518193,39.2475549910698],[-75.041361899346,39.247591109131],[-75.0415044671913,39.2476018957666],[-75.0417060399736,39.2476124627499],[-75.0418134599682,39.2476170427892]]}},{"type":"Feature","id":55045,"properties":{"OBJECTID":55045,"PRIMENAME":"Strawberry Avenue","ELEVTYP_F":0,"ELEVTYP_T":0},"geometry":{"type":"LineString","coordinates":[[-75.0458926376989,39.2476458244813],[-75.0460674376122,39.2484977651911],[-75.0461037265642,39.2486783172976]]}},{"type":"Feature","id":58008,"properties":{"OBJECTID":58008,"PRIMENAME":"Yock Wock Road","ELEVTYP_F":0,"ELEVTYP_T":0},"geometry":{"type":"LineString","coordinates":[[-75.0418552366884,39.2488930782525],[-75.0407403416428,39.2489442224485],[-75.0401021419363,39.2489777990471],[-75.0398180050642,39.2489859256614],[-75.0396522993343,39.2489928164576]]}},{"type":"Feature","id":59699,"properties":{"OBJECTID":59699,"PRIMENAME":"Cain Avenue","ELEVTYP_F":0,"ELEVTYP_T":0},"geometry":{"type":"LineString","coordinates":[[-74.9923381019861,39.2412572138569],[-74.9925328206374,39.2414019678454],[-74.9927577749434,39.2415557720579],[-74.9931176929262,39.2418018494514]]}},{"type":"Feature","id":65500,"properties":{"OBJECTID":65500,"PRIMENAME":"Robbins Avenue","ELEVTYP_F":0,"ELEVTYP_T":0},"geometry":{"type":"LineString","coordinates":[[-75.0353192642701,39.2428251509496],[-75.0354631270661,39.2428357751133],[-75.0355866469577,39.2428458872963],[-75.0357238944427,39.2428594791316],[-75.0359068928575,39.2428764023274],[-75.0362042321224,39.2429034790118],[-75.036469589218,39.2429271052789],[-75.0365427676467,39.2429339071891],[-75.0365730414234,39.2429396518788],[-75.0365977187061,39.2429443350551],[-75.0366389613914,39.2429583680814],[-75.0366711766171,39.2429830957862],[-75.0366987651347,39.2430078448021],[-75.0367127714903,39.2430433365215],[-75.036713015258,39.2430753226115],[-75.0367132590329,39.2431073096022]]}},{"type":"Feature","id":71386,"properties":{"OBJECTID":71386,"PRIMENAME":"Main Street","ELEVTYP_F":0,"ELEVTYP_T":0},"geometry":{"type":"LineString","coordinates":[[-75.0273769777356,39.2449609976688],[-75.0285496438473,39.2450677618689]]}},{"type":"Feature","id":72436,"properties":{"OBJECTID":72436,"PRIMENAME":"Robbinstown Road","ELEVTYP_F":0,"ELEVTYP_T":0},"geometry":{"type":"LineString","coordinates":[[-75.06019193436,39.2485224726225],[-75.0602223341599,39.2484951712285],[-75.0602396229232,39.2484712560148],[-75.0602568861704,39.248443989877],[-75.0602707110406,39.2484151485313],[-75.060282581676,39.2483758553815],[-75.0602954192252,39.2483383970498],[-75.0604468288922,39.2475828484764],[-75.0606194893153,39.2467558083547],[-75.0607168604403,39.2462919495041],[-75.0609059790988,39.2453909966448],[-75.0612053215117,39.243992129605],[-75.0616180659962,39.2420640356208],[-75.0616774515081,39.2417866202999]]}},{"type":"Feature","id":73161,"properties":{"OBJECTID":73161,"PRIMENAME":"Strawberry Avenue","ELEVTYP_F":0,"ELEVTYP_T":0},"geometry":{"type":"LineString","coordinates":[[-75.0456901992973,39.2466532959304],[-75.0456391026504,39.2463115033239],[-75.0454071087747,39.2452816609358],[-75.0450712606105,39.2438257046872],[-75.0450356829322,39.2436679656271]]}},{"type":"Feature","id":75485,"properties":{"OBJECTID":75485,"PRIMENAME":"Newell Road","ELEVTYP_F":0,"ELEVTYP_T":0},"geometry":{"type":"LineString","coordinates":[[-74.9949115749891,39.2371722230919],[-74.9945712532193,39.2374542521689],[-74.9943636289509,39.2376428856001],[-74.994283840964,39.2377120064811],[-74.9940913695589,39.2378787445989],[-74.9938883519608,39.2380601087192],[-74.9934038345573,39.2384845891123],[-74.9931085388919,39.2387494282277],[-74.9928962310247,39.2389308569582],[-74.9927578541512,39.2390613968108],[-74.9926150284625,39.2392172711064],[-74.992573198661,39.2392641529186]]}},{"type":"Feature","id":75682,"properties":{"OBJECTID":75682,"PRIMENAME":"Central Avenue","ELEVTYP_F":0,"ELEVTYP_T":0},"geometry":{"type":"LineString","coordinates":[[-74.9941314745713,39.2403342270632],[-74.9939639178537,39.240226097835],[-74.9937772891657,39.2400969348615],[-74.9937281039782,39.2400628842221],[-74.9935440042192,39.2399354325201],[-74.9933713225638,39.2398061827617],[-74.9933474050881,39.2397890135195]]}},{"type":"Feature","id":79166,"properties":{"OBJECTID":79166,"PRIMENAME":"Main Street","ELEVTYP_F":0,"ELEVTYP_T":0},"geometry":{"type":"LineString","coordinates":[[-75.0653554358315,39.2522308203277],[-75.0654925095737,39.2523165900851],[-75.0656565652669,39.2524069498158],[-75.0658040648817,39.2524856475912],[-75.0659163947874,39.2525455808965],[-75.0660584497715,39.2526181188891],[-75.0660768390777,39.2526277385185]]}},{"type":"Feature","id":80142,"properties":{"OBJECTID":80142,"PRIMENAME":"North Avenue","ELEVTYP_F":0,"ELEVTYP_T":0},"geometry":{"type":"LineString","coordinates":[[-75.0281922389521,39.247494031222],[-75.0281856890964,39.2475387334638],[-75.0281476407992,39.2478089257331],[-75.0280436358347,39.2485474629446],[-75.0279538606916,39.249153599725]]}},{"type":"Feature","id":80466,"properties":{"OBJECTID":80466,"PRIMENAME":"Menhaden Road","ELEVTYP_F":0,"ELEVTYP_T":0},"geometry":{"type":"LineString","coordinates":[[-74.995557534736,39.237862136565],[-74.9949115749891,39.2371722230919]]}},{"type":"Feature","id":83922,"properties":{"OBJECTID":83922,"PRIMENAME":"Market Street","ELEVTYP_F":0,"ELEVTYP_T":0},"geometry":{"type":"LineString","coordinates":[[-75.0361157577551,39.2471120065265],[-75.0359825873123,39.2480200470806],[-75.0358255617958,39.2489910454433]]}},{"type":"Feature","id":85282,"properties":{"OBJECTID":85282,"PRIMENAME":"Crooked Creek Lane","ELEVTYP_F":0,"ELEVTYP_T":0},"geometry":{"type":"LineString","coordinates":[[-75.0841873220728,39.2659193247452],[-75.0841232745427,39.2672624266947],[-75.0840808723591,39.2685467055534],[-75.0844430241747,39.2686019127787],[-75.084840193113,39.2686018852344]]}},{"type":"Feature","id":87606,"properties":{"OBJECTID":87606,"PRIMENAME":"Chestnut Street","ELEVTYP_F":0,"ELEVTYP_T":0},"geometry":{"type":"LineString","coordinates":[[-75.0377264154436,39.244278099895],[-75.037375673008,39.2442453974798],[-75.0365561461323,39.2441754806412]]}},{"type":"Feature","id":92707,"properties":{"OBJECTID":92707,"PRIMENAME":"Unnamed Segment","ELEVTYP_F":0,"ELEVTYP_T":0},"geometry":{"type":"LineString","coordinates":[[-75.0007594494729,39.2174187077985],[-75.0012216742956,39.2174989228956],[-75.001478634792,39.2175419015671],[-75.0020540223277,39.2176208748639],[-75.0028057731437,39.2177090563495],[-75.0030217718367,39.2177330586734],[-75.0040808420397,39.2179154846821],[-75.0043311677423,39.2179584506286],[-75.0045847526835,39.2180088832675],[-75.0051793889368,39.2182381900338],[-75.0055676755688,39.2184476137674],[-75.0057981844752,39.21870675685],[-75.0062755771362,39.2192307420178],[-75.0074376805908,39.2204949137315],[-75.0076373144293,39.2207836471976],[-75.0074947911426,39.2210398878619],[-75.0058160746025,39.2235543679689],[-75.005281453274,39.2243517282185],[-75.0048984569192,39.2249452895008]]}},{"type":"Feature","id":93525,"properties":{"OBJECTID":93525,"PRIMENAME":"Yock Wock Road","ELEVTYP_F":0,"ELEVTYP_T":0},"geometry":{"type":"LineString","coordinates":[[-75.0349615596719,39.2489911185343],[-75.034959760791,39.2489913186716],[-75.0349079379117,39.2490028412578],[-75.0348593985452,39.249018961836],[-75.0347883091992,39.2490462516025],[-75.0346631838706,39.2490913067307],[-75.0341704851356,39.2492805496496],[-75.0337796442169,39.2494328594441],[-75.0334641537491,39.2495558038279],[-75.0325354125808,39.249910268296],[-75.0320296428395,39.25010977631],[-75.0319642382978,39.2501373122323],[-75.031898920229,39.2501715471134],[-75.0318336015638,39.2502058648358],[-75.0317857024153,39.2502366978884],[-75.0317335108716,39.2502743057599],[-75.0316770522813,39.2503222015225],[-75.0316161291026,39.2503632804213],[-75.0313988594595,39.2505478498589],[-75.0310643861602,39.2508451972164],[-75.0307690527513,39.2511117509082],[-75.0307027174195,39.2511706190395]]}},{"type":"Feature","id":95549,"properties":{"OBJECTID":95549,"PRIMENAME":"Central Avenue","ELEVTYP_F":0,"ELEVTYP_T":0},"geometry":{"type":"LineString","coordinates":[[-74.9933474050881,39.2397890135195],[-74.9930913318535,39.2396052015446],[-74.9929725821394,39.239526046353],[-74.992811444753,39.2394186341545],[-74.9925735882509,39.2392643710715],[-74.992573198661,39.2392641529186]]}},{"type":"Feature","id":101871,"properties":{"OBJECTID":101871,"PRIMENAME":"Unnamed Segment","ELEVTYP_F":0,"ELEVTYP_T":0},"geometry":{"type":"LineString","coordinates":[[-75.0129498743567,39.2305419272411],[-75.0150482275197,39.2311350747113],[-75.0160138431756,39.2314183326488]]}},{"type":"Feature","id":104449,"properties":{"OBJECTID":104449,"PRIMENAME":"Main Street","ELEVTYP_F":0,"ELEVTYP_T":0},"geometry":{"type":"LineString","coordinates":[[-75.0386189671318,39.246010000781],[-75.0390810716679,39.2460540730378]]}},{"type":"Feature","id":111958,"properties":{"OBJECTID":111958,"PRIMENAME":"Main Street","ELEVTYP_F":0,"ELEVTYP_T":0},"geometry":{"type":"LineString","coordinates":[[-75.0633411143211,39.2507989530105],[-75.0636689233789,39.251036050319],[-75.0640943404461,39.2513432656467],[-75.0643765705645,39.2515502970925],[-75.0645366908563,39.2516700027112],[-75.0647051201551,39.251786399651],[-75.0648233845878,39.2518695697646]]}},{"type":"Feature","id":125818,"properties":{"OBJECTID":125818,"PRIMENAME":"Main Street","ELEVTYP_F":0,"ELEVTYP_T":0},"geometry":{"type":"LineString","coordinates":[[-75.0456901992973,39.2466532959304],[-75.0461428625248,39.2466945567057],[-75.0466834217701,39.246740838721],[-75.0476127254526,39.2468229083477],[-75.0481601113214,39.2468703594031],[-75.0485423281852,39.2469021946218]]}},{"type":"Feature","id":131694,"properties":{"OBJECTID":131694,"PRIMENAME":"Dragston Road","ELEVTYP_F":0,"ELEVTYP_T":0},"geometry":{"type":"LineString","coordinates":[[-75.0924927156159,39.2661475775232],[-75.0921523055958,39.2661371453078],[-75.0916745444132,39.2661242526903],[-75.0912016934075,39.2661113611093],[-75.0907485150864,39.2660983398854],[-75.0894481112409,39.2660551775086],[-75.0881723910768,39.2660195094385],[-75.0869656473624,39.2659873226118],[-75.085207356163,39.2659502366756],[-75.0841873220728,39.2659193247452]]}},{"type":"Feature","id":133924,"properties":{"OBJECTID":133924,"PRIMENAME":"Ogden Avenue","ELEVTYP_F":0,"ELEVTYP_T":0},"geometry":{"type":"LineString","coordinates":[[-75.0261634977602,39.2436871252712],[-75.0261398726871,39.2438381085527],[-75.025984826429,39.2448404693551]]}},{"type":"Feature","id":146754,"properties":{"OBJECTID":146754,"PRIMENAME":"Cain Avenue","ELEVTYP_F":0,"ELEVTYP_T":0},"geometry":{"type":"LineString","coordinates":[[-74.993964188277,39.2423994823002],[-74.9941705600678,39.2425431769678],[-74.9945252508709,39.2428052869247],[-74.9948098319703,39.2429989961398]]}},{"type":"Feature","id":147274,"properties":{"OBJECTID":147274,"PRIMENAME":"Hanseys Creek Road","ELEVTYP_F":0,"ELEVTYP_T":0},"geometry":{"type":"LineString","coordinates":[[-75.0877796893945,39.2610044292572],[-75.087325905745,39.2601785088628],[-75.0869458137129,39.2594760728406],[-75.0868861820853,39.2593726957779],[-75.0868007302924,39.2592011642445],[-75.0866958235197,39.2590217944683],[-75.0866606884068,39.2589377884237],[-75.0865858775976,39.2588309735781],[-75.0865210269357,39.2587241085192],[-75.0864162169925,39.2585561882569],[-75.0862413909787,39.2582546852492],[-75.0861064822615,39.2580218700782],[-75.0859367258241,39.257739423953],[-75.0855816606221,39.2570790036856],[-75.0853917899138,39.2567469057649],[-75.0852870189976,39.2565828550269],[-75.0852170960438,39.2564645382825],[-75.0851621952606,39.2563729425968],[-75.0851270906352,39.2562965414828],[-75.0850870741761,39.2562240097183],[-75.0850420253308,39.2561323374505],[-75.0850069225739,39.2560559912369],[-75.0849768260185,39.2559872533835],[-75.0849515719028,39.2559146465145],[-75.0849460595985,39.2558419404822],[-75.0849505221666,39.2557883221927],[-75.0849548585761,39.2557193834501],[-75.0849885311973,39.2556235268876],[-75.0850175159828,39.2555544643267],[-75.0850466581069,39.2555083825975],[-75.0850855595543,39.2554469586693],[-75.0851293349927,39.2553854823141],[-75.0851584163304,39.2553279235583],[-75.0851972508635,39.2552626552429],[-75.0852164794971,39.2552051739053],[-75.0852455254754,39.2551475603543],[-75.0852697293255,39.2550938428392],[-75.0852840126818,39.2550363584162],[-75.0852983608651,39.2549865342091],[-75.0853078317447,39.2549405512721],[-75.0853122951471,39.2548869329571],[-75.0853217023116,39.2548332897945],[-75.0853213203843,39.2547873563746],[-75.0853208747647,39.2547337627303],[-75.0853254048631,39.2546839878621],[-75.0853299319321,39.2546380297685],[-75.0853295180353,39.2545882518225],[-75.085324195382,39.2545385264728],[-75.0853189014463,39.254496434498],[-75.0853086348422,39.25444670697],[-75.0852934277656,39.2543932145344],[-75.0852782202632,39.2543396680494],[-75.0852482499143,39.2542900935842],[-75.0852134009835,39.2542443333614],[-75.0851589822248,39.2542063320034],[-75.0851094323707,39.2541721220173],[-75.0850450584251,39.254130326836],[-75.0849906675845,39.2540999858032],[-75.0849165035855,39.2540658993701],[-75.0848622081998,39.2540470351028],[-75.0847634325838,39.2540131000933],[-75.0846695388201,39.2539676352601],[-75.0845756749711,39.2539298046221],[-75.0844521253737,39.253876855846],[-75.0843186954317,39.2538162689407],[-75.0842149797861,39.253778541488],[-75.0841309678996,39.2537406610673],[-75.0840173708261,39.2536952954289],[-75.0839135587092,39.2536460359332],[-75.0838244766263,39.2535928866429],[-75.0837403742727,39.2535397123237],[-75.0836462536292,39.2534751108429],[-75.0835123490555,39.253357085699],[-75.0833883297974,39.253242909615],[-75.0833139465986,39.2531820257495],[-75.0832395350468,39.2531135084551],[-75.0831848282569,39.2530448383924],[-75.0831301497881,39.2529839106825],[-75.0830803843746,39.2529191145625],[-75.0830256431278,39.2528504436936],[-75.0829660251783,39.2527856689204],[-75.0829064061878,39.2527208950217],[-75.0828468202798,39.2526599638111],[-75.0827821035724,39.2525722337156],[-75.0827223592738,39.25249213835],[-75.0826725943556,39.2524273141206],[-75.082632709447,39.2523701009901],[-75.0825975473824,39.2522860396895],[-75.0825674559807,39.2522173002327],[-75.0825421455432,39.252133216657],[-75.08251683516,39.2520491321733],[-75.0824815150657,39.2519459337634],[-75.0824364049255,39.2518504448506],[-75.0823763452657,39.2517321030774],[-75.0823214475898,39.2516443236075],[-75.0822765007046,39.2515641810326],[-75.0822364581343,39.2514878045595],[-75.0822012327066,39.2513961090153],[-75.0821714432413,39.2513095659847],[-75.0821709838445,39.25130823327],[-75.0821307243237,39.2512012426668],[-75.0820904607907,39.2510980958546],[-75.0820701275561,39.2510178040441],[-75.0820546356354,39.2509336703696],[-75.0820392374735,39.2508610135361],[-75.0820189676938,39.2507883819463],[-75.082013426175,39.2507118590861],[-75.0819980967296,39.2506430186638],[-75.0819926459827,39.250581817349],[-75.0819922029635,39.2505282236341],[-75.0819915699821,39.2504516492158],[-75.0819910323269,39.2503866065839],[-75.081995438825,39.2503214833937],[-75.0819949009454,39.2502564137371],[-75.0819943630601,39.2501913431789],[-75.0819938567251,39.2501300892256],[-75.0820081102554,39.2500687885373],[-75.0820174878006,39.2500113298783],[-75.0820268017689,39.2499461821581],[-75.0820459335182,39.2498810412218],[-75.0820553427843,39.2498274261876],[-75.0820696590768,39.2497737307769],[-75.0820740327672,39.2497047918784],[-75.0820782452678,39.2496205606063],[-75.0820776124366,39.2495440132006],[-75.0820621208607,39.2494598804043],[-75.0820565835569,39.2493795137193],[-75.0820410920447,39.2492953809174],[-75.0820298816679,39.2492528994371],[-75.0819038764342,39.2487754273587],[-75.0818117057733,39.248343358449],[-75.0817758512149,39.248175116178],[-75.0817504829353,39.2480795274113],[-75.0817396477084,39.2479647569998],[-75.0817290369034,39.2478729392012],[-75.081728182877,39.2477695674224],[-75.0817471306928,39.2476737852129],[-75.0817759826918,39.2475970634742],[-75.0817901738001,39.247528103445],[-75.0818240366203,39.2474552004514],[-75.0818726902185,39.2473860682429],[-75.0819164667663,39.2473207762458],[-75.0819846652275,39.2472323805326],[-75.082048046934,39.2471593308615],[-75.0821408571743,39.247070839979],[-75.0822583409716,39.246989858302],[-75.0824638838421,39.2468395469977],[-75.0826939076174,39.2466776085058],[-75.0829841125484,39.2464832947093],[-75.0829876611065,39.2464809186053],[-75.0834037126879,39.2461879017039],[-75.0842309197621,39.245613418455],[-75.0857923378792,39.2445298924617],[-75.0864335903374,39.2440903190338],[-75.0868743408837,39.2437773959651],[-75.0868789394648,39.2437741325501],[-75.08720685903,39.2435488155682],[-75.0878252561639,39.2431312053304],[-75.0883692220999,39.2427612761009],[-75.0891093101244,39.2422517615896],[-75.0893268848853,39.2421019691028],[-75.0898198786267,39.2417903901604],[-75.0906989229548,39.2412369602925],[-75.0914896697366,39.2407494013702],[-75.0923686865088,39.2401959319832],[-75.0926430359009,39.2400200189482],[-75.0930616811857,39.2397633896342],[-75.0935221890177,39.2394847438824],[-75.0941920763257,39.2390813621407],[-75.0948946235446,39.2386705608411],[-75.0952619913299,39.2384396372258],[-75.0954946148853,39.2383039090356],[-75.0956885001771,39.2382009151819]]}},{"type":"Feature","id":150726,"properties":{"OBJECTID":150726,"PRIMENAME":"Temperance Street","ELEVTYP_F":0,"ELEVTYP_T":0},"geometry":{"type":"LineString","coordinates":[[-75.0273769777356,39.2449609976688],[-75.0274702501446,39.2443078114496],[-75.0274796151789,39.2442428334288],[-75.027484121726,39.2441893268326],[-75.0274837782811,39.244143474849],[-75.0274736193752,39.2440976673182],[-75.0274584303098,39.2440404061197],[-75.0273431459104,39.2437390930874]]}},{"type":"Feature","id":150806,"properties":{"OBJECTID":150806,"PRIMENAME":"Peace Street","ELEVTYP_F":0,"ELEVTYP_T":0},"geometry":{"type":"LineString","coordinates":[[-75.0281922389521,39.247494031222],[-75.0281082963756,39.247483868692],[-75.0280246926634,39.2474765601627],[-75.0279165203516,39.2474656002169],[-75.0271544689065,39.2474117769228],[-75.0270954131022,39.2474005398418],[-75.0270710241759,39.2473855966219]]}},{"type":"Feature","id":151111,"properties":{"OBJECTID":151111,"PRIMENAME":"Market Street","ELEVTYP_F":0,"ELEVTYP_T":0},"geometry":{"type":"LineString","coordinates":[[-75.0365561461323,39.2441754806412],[-75.0365002287494,39.2445480560179],[-75.0363442873088,39.2456827772751],[-75.0363256484463,39.2457993354633]]}},{"type":"Feature","id":152162,"properties":{"OBJECTID":152162,"PRIMENAME":"Brown Street","ELEVTYP_F":0,"ELEVTYP_T":0},"geometry":{"type":"LineString","coordinates":[[-75.0372801858609,39.2472203132328],[-75.0376050670868,39.2472493455151],[-75.0384114107844,39.2473268385361]]}},{"type":"Feature","id":152311,"properties":{"OBJECTID":152311,"PRIMENAME":"Chestnut Street","ELEVTYP_F":0,"ELEVTYP_T":0},"geometry":{"type":"LineString","coordinates":[[-75.0393384197177,39.2444354151911],[-75.0384364172591,39.2443442585047],[-75.0377264154436,39.244278099895]]}},{"type":"Feature","id":153310,"properties":{"OBJECTID":153310,"PRIMENAME":"Milbourne Drive","ELEVTYP_F":0,"ELEVTYP_T":0},"geometry":{"type":"LineString","coordinates":[[-75.0485423281852,39.2469021946218],[-75.0484648089211,39.2463479831038],[-75.0484120359648,39.2460282750939],[-75.0484077949696,39.2460006462234]]}},{"type":"Feature","id":155117,"properties":{"OBJECTID":155117,"PRIMENAME":"Yock Wock Road","ELEVTYP_F":0,"ELEVTYP_T":0},"geometry":{"type":"LineString","coordinates":[[-75.0358255617958,39.2489910454433],[-75.0356856285335,39.2489879822843],[-75.0353445011016,39.248982796469],[-75.0351433648466,39.2489837208381],[-75.0350515545395,39.2489841426585],[-75.0350111308958,39.2489853165596],[-75.0349615596719,39.2489911185343]]}},{"type":"Feature","id":160700,"properties":{"OBJECTID":160700,"PRIMENAME":"Unnamed Segment","ELEVTYP_F":0,"ELEVTYP_T":0},"geometry":{"type":"LineString","coordinates":[[-75.0048984569192,39.2249452895008],[-75.0042970261308,39.2258480058023],[-75.0039756759616,39.226305924895],[-75.0038891771624,39.2267463783499],[-75.0038828009086,39.2271141553404],[-75.004148102715,39.227690898117],[-75.0044699935453,39.2279942115396],[-75.0049582216604,39.2282582757862],[-75.0056216787276,39.2285039267455],[-75.0061812209875,39.2286277216851],[-75.007011361108,39.2288447606747],[-75.0091006614956,39.2294450607923],[-75.0096286077188,39.2295933525747],[-75.0129498743567,39.2305419272411]]}},{"type":"Feature","id":161740,"properties":{"OBJECTID":161740,"PRIMENAME":"Lincoln Street","ELEVTYP_F":0,"ELEVTYP_T":0},"geometry":{"type":"LineString","coordinates":[[-75.0418552366884,39.2488930782525],[-75.0418091748702,39.2476660186349],[-75.0418134599682,39.2476170427892]]}},{"type":"Feature","id":163622,"properties":{"OBJECTID":163622,"PRIMENAME":"Cain Avenue","ELEVTYP_F":0,"ELEVTYP_T":0},"geometry":{"type":"LineString","coordinates":[[-74.9915728171507,39.2407217379028],[-74.9916508256667,39.2407637481541],[-74.9917271191588,39.2408079888207],[-74.9917909492124,39.2408522271128],[-74.9919870206983,39.2410002580091],[-74.9919960810583,39.2410070975091],[-74.9922527756342,39.2411937918459],[-74.9923381019861,39.2412572138569]]}},{"type":"Feature","id":165334,"properties":{"OBJECTID":165334,"PRIMENAME":"Toms Bridge Road","ELEVTYP_F":0,"ELEVTYP_T":0},"geometry":{"type":"LineString","coordinates":[[-75.0718383903278,39.2660434514006],[-75.0719100962749,39.2661443157672],[-75.0718970109551,39.2662093720497],[-75.0718681894701,39.2663710784064],[-75.0718332478469,39.2665320545171],[-75.0717922231578,39.2666921614687],[-75.0715312359978,39.2676261970851],[-75.0712189970688,39.2687818604637],[-75.0707557471862,39.2705241763447],[-75.0705562668239,39.2712744028245],[-75.0705474159693,39.2713102544685],[-75.0703750491295,39.2720084337638],[-75.0699898848972,39.2734268835655],[-75.0697579456339,39.2742999166676],[-75.0695866357466,39.2749473878915],[-75.0692769362786,39.2761081237555],[-75.0692466506462,39.2762015411755],[-75.0692218096362,39.276295921965],[-75.0692024639141,39.2763910794116],[-75.0691886524616,39.2764868151481],[-75.0691820745001,39.2765792725944],[-75.0691835678246,39.2766718644428],[-75.0691931243907,39.2767641655483],[-75.0692107037096,39.2768557518234],[-75.0692219607165,39.2768904898229],[-75.0692388969969,39.2769238046971],[-75.0692431279426,39.2769297419954],[-75.0692612287474,39.276955142029],[-75.0694082176105,39.2771280722883],[-75.0696717705449,39.2774381323137]]}},{"type":"Feature","id":167264,"properties":{"OBJECTID":167264,"PRIMENAME":"Brown Street","ELEVTYP_F":0,"ELEVTYP_T":0},"geometry":{"type":"LineString","coordinates":[[-75.043212867919,39.2476194477061],[-75.0433374898012,39.2476201023119],[-75.0439862005385,39.2476323673511],[-75.0456030808528,39.2476553634499],[-75.0457161105794,39.2476548338911],[-75.0458926376989,39.2476458244813]]}},{"type":"Feature","id":169534,"properties":{"OBJECTID":169534,"PRIMENAME":"Dragston Road","ELEVTYP_F":0,"ELEVTYP_T":0},"geometry":{"type":"LineString","coordinates":[[-75.0653554358315,39.2522308203277],[-75.0653298537407,39.2523124919246],[-75.0653085675321,39.2523840381919],[-75.0652831222356,39.2524827597876],[-75.0652662621437,39.2525644439821],[-75.0652537876807,39.2526427017971],[-75.0652534778882,39.2526567884838]]}},{"type":"Feature","id":170696,"properties":{"OBJECTID":170696,"PRIMENAME":"Yock Wock Road","ELEVTYP_F":0,"ELEVTYP_T":0},"geometry":{"type":"LineString","coordinates":[[-75.0381387942606,39.2490215932783],[-75.0370187584076,39.2490104528955]]}},{"type":"Feature","id":172041,"properties":{"OBJECTID":172041,"PRIMENAME":"Quail Street","ELEVTYP_F":0,"ELEVTYP_T":0},"geometry":{"type":"LineString","coordinates":[[-74.9933474050881,39.2397890135195],[-74.9933782286001,39.239748575692],[-74.9934061097817,39.2397165802095],[-74.993435024747,39.2396859802174],[-74.9935507746588,39.2395815917235],[-74.9937169681973,39.2394400321903],[-74.9939523200174,39.2392368683206],[-74.9941553142267,39.2390518802118],[-74.9943630097794,39.2388776888588],[-74.9945891577302,39.238681755817],[-74.9948060350422,39.2384930836043],[-74.9950783462869,39.238264443727],[-74.9950947700969,39.23825030398],[-74.9952721764651,39.2380975594875],[-74.995502995645,39.2379088537065],[-74.995557534736,39.237862136565]]}},{"type":"Feature","id":173738,"properties":{"OBJECTID":173738,"PRIMENAME":"Ogden Avenue","ELEVTYP_F":0,"ELEVTYP_T":0},"geometry":{"type":"LineString","coordinates":[[-75.0238125147512,39.237645250832],[-75.0238229276195,39.2378158492433],[-75.0238518409231,39.2380147835452],[-75.023885441324,39.238231487966],[-75.0239276581572,39.2383770410005],[-75.0239539115288,39.2384509739913]]}},{"type":"Feature","id":174697,"properties":{"OBJECTID":174697,"PRIMENAME":"Bacon Street","ELEVTYP_F":0,"ELEVTYP_T":0},"geometry":{"type":"LineString","coordinates":[[-75.0372801858609,39.2472203132328],[-75.0373622640515,39.2466805960508],[-75.0374771500769,39.2459056126003]]}},{"type":"Feature","id":185660,"properties":{"OBJECTID":185660,"PRIMENAME":"Strawberry Avenue","ELEVTYP_F":0,"ELEVTYP_T":0},"geometry":{"type":"LineString","coordinates":[[-75.0538705215989,39.2598070234732],[-75.0545762005483,39.2606093852938],[-75.055850357828,39.2620755825934]]}},{"type":"Feature","id":188702,"properties":{"OBJECTID":188702,"PRIMENAME":"Memorial Avenue","ELEVTYP_F":0,"ELEVTYP_T":0},"geometry":{"type":"LineString","coordinates":[[-75.0296114611076,39.245159064843],[-75.0296587110354,39.2454787526883],[-75.0298323445753,39.2465498851499]]}},{"type":"Feature","id":191793,"properties":{"OBJECTID":191793,"PRIMENAME":"Cobb Street","ELEVTYP_F":0,"ELEVTYP_T":0},"geometry":{"type":"LineString","coordinates":[[-75.043212867919,39.2476194477061],[-75.0432081819325,39.2476666409483],[-75.04322500969,39.248071800371],[-75.0432306967074,39.2482139735151],[-75.0432373720342,39.248484092556],[-75.0432482179041,39.2487044669318],[-75.0432531021548,39.2487470844081],[-75.0432738465417,39.2488270253953]]}},{"type":"Feature","id":193151,"properties":{"OBJECTID":193151,"PRIMENAME":"Washington Street","ELEVTYP_F":0,"ELEVTYP_T":0},"geometry":{"type":"LineString","coordinates":[[-75.0401424839443,39.2461487148114],[-75.0399545717633,39.2472836166573],[-75.039922859087,39.2474627834624]]}},{"type":"Feature","id":197406,"properties":{"OBJECTID":197406,"PRIMENAME":"Dennis Lane","ELEVTYP_F":0,"ELEVTYP_T":0},"geometry":{"type":"LineString","coordinates":[[-75.0484077949696,39.2460006462234],[-75.0486628698053,39.2459488963185],[-75.0490006501508,39.2458797602772],[-75.0493155561247,39.2458071891248],[-75.0497401132818,39.2457269606169]]}},{"type":"Feature","id":202359,"properties":{"OBJECTID":202359,"PRIMENAME":"Russell Lane","ELEVTYP_F":0,"ELEVTYP_T":0},"geometry":{"type":"LineString","coordinates":[[-75.0877796893945,39.2610044292572],[-75.086365937051,39.2613853280643],[-75.0858058093315,39.2615336134365],[-75.0854377433753,39.2616264287039],[-75.085294756567,39.2616586408484],[-75.0851817466969,39.2616898509169],[-75.0850604143121,39.2617267580079],[-75.0849591037346,39.2617675189833],[-75.0849001957434,39.2617934872091],[-75.0848311478289,39.2618277433851],[-75.0847495309875,39.2618794699918],[-75.0846667364902,39.261929774661],[-75.0845835107502,39.2619876050471],[-75.0845052568494,39.2620530709538],[-75.0845027032947,39.262056186179]]}},{"type":"Feature","id":206094,"properties":{"OBJECTID":206094,"PRIMENAME":"Sadies Lane","ELEVTYP_F":0,"ELEVTYP_T":0},"geometry":{"type":"LineString","coordinates":[[-74.9923426608272,39.2175119241058],[-74.9923271044914,39.217280909296],[-74.9923070001167,39.2170607605311],[-74.9922587204594,39.2167937780066],[-74.9921771275147,39.2164114242806],[-74.992090632956,39.2159893332505],[-74.9920427330111,39.2157765228161],[-74.9920327042528,39.2156646493337],[-74.9920460571535,39.2155851590526],[-74.9920827087594,39.2155163892675],[-74.9921379755544,39.2154547888711],[-74.9922257643974,39.2154002441261],[-74.9923828889066,39.2153021071993],[-74.9926001287124,39.2151748309061],[-74.9928220788462,39.215054728272],[-74.9930948203258,39.214894706353],[-74.9935478859935,39.2146436680518],[-74.993769934177,39.2145380331525],[-74.9941861783223,39.2143268514131],[-74.99446826375,39.2141812295682]]}},{"type":"Feature","id":206882,"properties":{"OBJECTID":206882,"PRIMENAME":"Main Street","ELEVTYP_F":0,"ELEVTYP_T":0},"geometry":{"type":"LineString","coordinates":[[-75.034194870399,39.2455966931663],[-75.0349753760374,39.2456783921557],[-75.0351586257721,39.2456948207983]]}},{"type":"Feature","id":207505,"properties":{"OBJECTID":207505,"PRIMENAME":"Yock Wock Road","ELEVTYP_F":0,"ELEVTYP_T":0},"geometry":{"type":"LineString","coordinates":[[-75.0307027174195,39.2511706190395],[-75.0295831085531,39.2521643875287],[-75.0285579009573,39.253073423562],[-75.028431896456,39.253186212132],[-75.0283624952171,39.2532511337187],[-75.028314734996,39.2533057427123],[-75.0282540206507,39.2533706239254],[-75.0281672111645,39.2534594023607],[-75.0280459242583,39.2536129419616],[-75.0276343632634,39.2541316311734],[-75.0273463712523,39.2544671968731],[-75.0273046557762,39.2545085711748],[-75.0272526497885,39.2545481796034],[-75.0272178310393,39.2545721431607],[-75.0271449555359,39.2546167329551]]}},{"type":"Feature","id":208509,"properties":{"OBJECTID":208509,"PRIMENAME":"Main Street","ELEVTYP_F":0,"ELEVTYP_T":0},"geometry":{"type":"LineString","coordinates":[[-75.025984826429,39.2448404693551],[-75.0267622693558,39.2449070809765],[-75.0273769777356,39.2449609976688]]}},{"type":"Feature","id":210470,"properties":{"OBJECTID":210470,"PRIMENAME":"Main Street","ELEVTYP_F":0,"ELEVTYP_T":0},"geometry":{"type":"LineString","coordinates":[[-75.0328314004288,39.245457169172],[-75.0335127894587,39.2455255479394],[-75.034194870399,39.2455966931663]]}},{"type":"Feature","id":211303,"properties":{"OBJECTID":211303,"PRIMENAME":"Brown Street","ELEVTYP_F":0,"ELEVTYP_T":0},"geometry":{"type":"LineString","coordinates":[[-75.0350718814426,39.2470213939989],[-75.0355544730076,39.2470562977421],[-75.0361157577551,39.2471120065265]]}},{"type":"Feature","id":212901,"properties":{"OBJECTID":212901,"PRIMENAME":"Main Street","ELEVTYP_F":0,"ELEVTYP_T":0},"geometry":{"type":"LineString","coordinates":[[-75.0648233845878,39.2518695697646],[-75.0649410183181,39.2519578504517],[-75.0650715870283,39.2520516136921],[-75.0652231236041,39.2521485702138],[-75.0653554358315,39.2522308203277]]}},{"type":"Feature","id":216972,"properties":{"OBJECTID":216972,"PRIMENAME":"Milbourne Drive","ELEVTYP_F":0,"ELEVTYP_T":0},"geometry":{"type":"LineString","coordinates":[[-75.0484077949696,39.2460006462234],[-75.0483831329796,39.2458400282939],[-75.0483544584036,39.2456766295007],[-75.0483446492296,39.2455913663095],[-75.0483532957466,39.2455273233005],[-75.0483572972812,39.2454562190186],[-75.0483660280948,39.2454028557225],[-75.0483839026005,39.2453494502738],[-75.0484155057187,39.2452995221997],[-75.0484517275453,39.2452531414128],[-75.0484842595014,39.2452091390383],[-75.0485104895022,39.2451675553065],[-75.0485421188816,39.2451211690944],[-75.0485691750672,39.2450677194701],[-75.0485916333341,39.245017862344],[-75.0486049177873,39.2449644775777],[-75.0486135918079,39.2449040043603],[-75.048613010216,39.2448293508036],[-75.0486033392505,39.2447618520282],[-75.0485936671529,39.2446943541573],[-75.048579386039,39.24461979305],[-75.0485604593847,39.2445380878028],[-75.0484761307688,39.2442789607085],[-75.0483818649838,39.2439132647497],[-75.0482595274744,39.2434659343529]]}},{"type":"Feature","id":220360,"properties":{"OBJECTID":220360,"PRIMENAME":"Main Street","ELEVTYP_F":0,"ELEVTYP_T":0},"geometry":{"type":"LineString","coordinates":[[-75.0285496438473,39.2450677618689],[-75.0287483260606,39.2450849268959],[-75.0296114611076,39.245159064843]]}},{"type":"Feature","id":221051,"properties":{"OBJECTID":221051,"PRIMENAME":"North Avenue","ELEVTYP_F":0,"ELEVTYP_T":0},"geometry":{"type":"LineString","coordinates":[[-75.0249838279508,39.25772614288],[-75.0249754076912,39.2577715127003],[-75.024953269315,39.2578386072273],[-75.0249226233723,39.2579867659682],[-75.0249184977653,39.2580396670807],[-75.0248969024939,39.2581842700236],[-75.0248673340291,39.258476957411],[-75.0248610867869,39.2585343703668]]}},{"type":"Feature","id":223944,"properties":{"OBJECTID":223944,"PRIMENAME":"Bacon Street","ELEVTYP_F":0,"ELEVTYP_T":0},"geometry":{"type":"LineString","coordinates":[[-75.0374771500769,39.2459056126003],[-75.0375579155283,39.2453607944787],[-75.0375940328165,39.2451287532252]]}},{"type":"Feature","id":226195,"properties":{"OBJECTID":226195,"PRIMENAME":"Strawberry Avenue","ELEVTYP_F":0,"ELEVTYP_T":0},"geometry":{"type":"LineString","coordinates":[[-75.0456901992973,39.2466532959304],[-75.0458492962768,39.2474345810965],[-75.0458926376989,39.2476458244813]]}},{"type":"Feature","id":227797,"properties":{"OBJECTID":227797,"PRIMENAME":"Cain Avenue","ELEVTYP_F":0,"ELEVTYP_T":0},"geometry":{"type":"LineString","coordinates":[[-74.9931176929262,39.2418018494514],[-74.9931626448266,39.2418325762139],[-74.9934799558114,39.2420623109057],[-74.9935262787628,39.2420945658154],[-74.993964188277,39.2423994823002]]}},{"type":"Feature","id":231142,"properties":{"OBJECTID":231142,"PRIMENAME":"Main Street","ELEVTYP_F":0,"ELEVTYP_T":0},"geometry":{"type":"LineString","coordinates":[[-75.0431657278475,39.2464247932044],[-75.0432891696626,39.2464376441563],[-75.0438046198759,39.2464840566694],[-75.0445169718189,39.246549096972],[-75.0452460963068,39.2466140534925],[-75.0456901992973,39.2466532959304]]}},{"type":"Feature","id":231199,"properties":{"OBJECTID":231199,"PRIMENAME":"Bacon Street","ELEVTYP_F":0,"ELEVTYP_T":0},"geometry":{"type":"LineString","coordinates":[[-75.0375940328165,39.2451287532252],[-75.0377264154436,39.244278099895]]}},{"type":"Feature","id":233239,"properties":{"OBJECTID":233239,"PRIMENAME":"Brown Street","ELEVTYP_F":0,"ELEVTYP_T":0},"geometry":{"type":"LineString","coordinates":[[-75.0339910285273,39.2469250926271],[-75.0346105251497,39.2469880383803],[-75.0350718814426,39.2470213939989]]}},{"type":"Feature","id":233327,"properties":{"OBJECTID":233327,"PRIMENAME":"Berry Avenue","ELEVTYP_F":0,"ELEVTYP_T":0},"geometry":{"type":"LineString","coordinates":[[-75.0240070690223,39.2386006503769],[-75.0238972833003,39.2385940331619],[-75.0238058217376,39.2385873604622],[-75.0237509285849,39.2385840103363],[-75.0236365356161,39.2385703295367],[-75.0235496252693,39.2385631695493],[-75.0234580792403,39.2385497975503],[-75.0233711541093,39.238535965115],[-75.0232887848052,39.2385221130474],[-75.0232018155976,39.2385118506371],[-75.0230874226394,39.238498141372],[-75.0230096606518,39.2384913515705],[-75.0229113202256,39.2384807004026],[-75.0228358205157,39.2384743669536],[-75.022684859201,39.2384573073346],[-75.0225018485491,39.2384367672942],[-75.0223325368186,39.238416192558],[-75.0222043918844,39.2383954600385],[-75.0220899728452,39.2383781808566],[-75.0219893412804,39.2383679787799],[-75.0218794866208,39.2383471369068],[-75.0217970821109,39.238333310965],[-75.0216963175108,39.2383052891886],[-75.0215314126598,39.2382598173735],[-75.021371061471,39.2382143249406],[-75.021242812886,39.2381793417361],[-75.0211329410814,39.2381514160775],[-75.0210000148677,39.2381093424516],[-75.0208717140709,39.2380672479886],[-75.020720507684,39.2380217137609],[-75.0205876002611,39.2379725555208],[-75.0204638545481,39.2379304402472],[-75.0203446362481,39.2378847625867],[-75.0202300181397,39.2378354943027],[-75.0201107224499,39.2377791366111],[-75.020018973428,39.2377333359494],[-75.0199226076899,39.2376839858686],[-75.0197986270415,39.2376099115976],[-75.0196884234934,39.2375464009096],[-75.0195644254195,39.237465186555],[-75.0194081960256,39.2373556975948],[-75.0191920754438,39.2371824738528],[-75.0189301560374,39.236998799744],[-75.0188423408796,39.2369244579122],[-75.0185207623267,39.2366522204115],[-75.017954625204,39.2361250365021],[-75.017360934245,39.2355802358886],[-75.0169281847366,39.2351662370914]]}},{"type":"Feature","id":233522,"properties":{"OBJECTID":233522,"PRIMENAME":"Deer Street","ELEVTYP_F":0,"ELEVTYP_T":0},"geometry":{"type":"LineString","coordinates":[[-74.9941314745713,39.2403342270632],[-74.9939683027998,39.2405592985229],[-74.9938769393163,39.2406924688542],[-74.993822180277,39.2407788339809],[-74.9937582720054,39.2408795978621],[-74.9936578078329,39.2410343596494],[-74.9933562985877,39.2414770648904],[-74.9931176929262,39.2418018494514]]}},{"type":"Feature","id":238066,"properties":{"OBJECTID":238066,"PRIMENAME":"MacDonald Lane","ELEVTYP_F":0,"ELEVTYP_T":0},"geometry":{"type":"LineString","coordinates":[[-74.9910234297438,39.2260397349101],[-74.9910235267277,39.2260383616458],[-74.9910361014402,39.2258469322203],[-74.991053335495,39.225655511071],[-74.9910747264164,39.2253918317168],[-74.991092011746,39.2252076313359],[-74.991095193644,39.225172955117],[-74.9911049385966,39.2250667762524],[-74.9911134924073,39.2249620185023],[-74.9911100940061,39.2248998147198],[-74.9910894202965,39.2248357623109],[-74.9910565570529,39.2247853520161],[-74.9910095836822,39.2247061441928],[-74.9909486026379,39.2246124975259],[-74.9908876219512,39.2245188787494],[-74.9908452731425,39.2244396234413],[-74.9908169187043,39.224367558083],[-74.9908023725859,39.2242809646003],[-74.9908111279278,39.2242050909333],[-74.9908291931254,39.2241328020521],[-74.990861301454,39.2240748969048],[-74.9909119419089,39.2240169136492],[-74.9909811850889,39.2239588519634],[-74.9910829543175,39.2239078741236],[-74.9911988074431,39.2238821256428],[-74.991342551472,39.2238670765018],[-74.9914632755756,39.2238665672216],[-74.9916118403447,39.2238695373133],[-74.9918114586352,39.2238686946853],[-74.9920853012226,39.223871135176],[-74.9923452803917,39.2238700366287],[-74.9923470812586,39.2238700290171]]}},{"type":"Feature","id":243738,"properties":{"OBJECTID":243738,"PRIMENAME":"Dare Avenue","ELEVTYP_F":0,"ELEVTYP_T":0},"geometry":{"type":"LineString","coordinates":[[-74.9924264910167,39.2229382087247],[-74.9927381103878,39.2229621519107],[-74.9929887827257,39.2229683123086],[-74.9932953290746,39.2229886784815],[-74.9936203569168,39.2230017436248],[-74.9938897332137,39.2230222657369],[-74.9941219154177,39.2230393750377],[-74.9943819843988,39.223056311475],[-74.9946699530118,39.2230803489627],[-74.9948231912085,39.2230905161224],[-74.9952550508611,39.223110344751],[-74.995515032711,39.2231200850461],[-74.9957378142324,39.2231155122428],[-74.9957489685646,39.2231153945081],[-74.9960416552558,39.2231123243453]]}},{"type":"Feature","id":243782,"properties":{"OBJECTID":243782,"PRIMENAME":"Lincoln Street","ELEVTYP_F":0,"ELEVTYP_T":0},"geometry":{"type":"LineString","coordinates":[[-75.0418134599682,39.2476170427892],[-75.0418175828104,39.2475700170703],[-75.041766645736,39.246301135881]]}},{"type":"Feature","id":245985,"properties":{"OBJECTID":245985,"PRIMENAME":"Main Street","ELEVTYP_F":0,"ELEVTYP_T":0},"geometry":{"type":"LineString","coordinates":[[-74.9924264910167,39.2229382087247],[-74.992426955849,39.2230047353325],[-74.9924227449826,39.2231043680781],[-74.992413726189,39.2232231582555],[-74.9923723350191,39.2236448009221],[-74.9923470812586,39.2238700290171]]}},{"type":"Feature","id":246793,"properties":{"OBJECTID":246793,"PRIMENAME":"Brown Street","ELEVTYP_F":0,"ELEVTYP_T":0},"geometry":{"type":"LineString","coordinates":[[-75.0245252224562,39.2461166656527],[-75.0250911316778,39.2461601880714],[-75.0257761456316,39.2462176129612]]}},{"type":"Feature","id":247450,"properties":{"OBJECTID":247450,"PRIMENAME":"Market Street","ELEVTYP_F":0,"ELEVTYP_T":0},"geometry":{"type":"LineString","coordinates":[[-75.0367132590329,39.2431073096022],[-75.0367090485147,39.2431570812866],[-75.0365561461323,39.2441754806412]]}},{"type":"Feature","id":252336,"properties":{"OBJECTID":252336,"PRIMENAME":"James Moore Road","ELEVTYP_F":0,"ELEVTYP_T":0},"geometry":{"type":"LineString","coordinates":[[-75.0718383903278,39.2660434514006],[-75.0717646875825,39.2660667669722],[-75.0716957691921,39.2660747658684],[-75.0716071864136,39.2660752007163],[-75.071498797902,39.2660680721646],[-75.0714001968713,39.2660570787329],[-75.0712868986086,39.2660499749756],[-75.0699265776238,39.2659035406351],[-75.0676743806581,39.2656848640775],[-75.0674180945558,39.2656593147733],[-75.0671223051835,39.2656186650496],[-75.0668511627449,39.2655816825313],[-75.0666835006144,39.2655518843249],[-75.0665701364849,39.265540903689],[-75.0664716347262,39.2655375940566],[-75.0663583939569,39.2655419336849],[-75.066274779577,39.2655538725512],[-75.0662659653359,39.2655554350882],[-75.0661862842684,39.2655695680683],[-75.0660929373739,39.2655968472684],[-75.0659947031943,39.2656356004139],[-75.0658966050411,39.2656781686701],[-75.0657348059297,39.2657670365633],[-75.0654588004355,39.2659754070278],[-75.0653475592222,39.2660593869712]]}},{"type":"Feature","id":254019,"properties":{"OBJECTID":254019,"PRIMENAME":"Yock Wock Road","ELEVTYP_F":0,"ELEVTYP_T":0},"geometry":{"type":"LineString","coordinates":[[-75.0370187584076,39.2490104528955],[-75.0364554032479,39.2490048670116],[-75.0358255617958,39.2489910454433]]}},{"type":"Feature","id":259109,"properties":{"OBJECTID":259109,"PRIMENAME":"Chestnut Street","ELEVTYP_F":0,"ELEVTYP_T":0},"geometry":{"type":"LineString","coordinates":[[-75.0365561461323,39.2441754806412],[-75.0352487735201,39.244063924778]]}},{"type":"Feature","id":260102,"properties":{"OBJECTID":260102,"PRIMENAME":"FR CO 553 NB TO CO 725 NB","ELEVTYP_F":0,"ELEVTYP_T":0},"geometry":{"type":"LineString","coordinates":[[-75.0648233845878,39.2518695697646],[-75.0649646388457,39.2520320614336],[-75.0650221406922,39.252116816958],[-75.0650620057095,39.2521778250939],[-75.0651108664816,39.2522727810171],[-75.0651553568102,39.2523643818622],[-75.0651910263654,39.2524526195048],[-75.0652180014042,39.2525442773977],[-75.0652534778882,39.2526567884838]]}},{"type":"Feature","id":261140,"properties":{"OBJECTID":261140,"PRIMENAME":"Church Street","ELEVTYP_F":0,"ELEVTYP_T":0},"geometry":{"type":"LineString","coordinates":[[-75.0384114107844,39.2473268385361],[-75.0385491283527,39.2464404658761],[-75.0386189671318,39.246010000781]]}},{"type":"Feature","id":266907,"properties":{"OBJECTID":266907,"PRIMENAME":"Main Street","ELEVTYP_F":0,"ELEVTYP_T":0},"geometry":{"type":"LineString","coordinates":[[-75.0363256484463,39.2457993354633],[-75.0371249929034,39.2458736294355],[-75.0374771500769,39.2459056126003]]}},{"type":"Feature","id":271058,"properties":{"OBJECTID":271058,"PRIMENAME":"Brown Street","ELEVTYP_F":0,"ELEVTYP_T":0},"geometry":{"type":"LineString","coordinates":[[-75.0326223625081,39.2467928939429],[-75.0331351861543,39.2468381586004],[-75.0339910285273,39.2469250926271]]}},{"type":"Feature","id":272498,"properties":{"OBJECTID":272498,"PRIMENAME":"Russell Lane","ELEVTYP_F":0,"ELEVTYP_T":0},"geometry":{"type":"LineString","coordinates":[[-75.0845027032947,39.262056186179],[-75.0841152622134,39.2625258858014],[-75.0836667122354,39.2630678556437],[-75.0828766836967,39.2639943645903],[-75.0827644941258,39.2641250722573],[-75.0827205800816,39.2641750431325],[-75.0826914340752,39.2642211251447],[-75.0826671344923,39.2642595484916],[-75.0826478379732,39.264309370039],[-75.0826335181377,39.264363064511],[-75.0826216788031,39.2644134802147],[-75.0826080171476,39.2644783739273],[-75.0825893328664,39.2645722053284],[-75.0825110314428,39.2650335711558],[-75.082364187176,39.2658683089866]]}},{"type":"Feature","id":276191,"properties":{"OBJECTID":276191,"PRIMENAME":"Byron Avenue","ELEVTYP_F":0,"ELEVTYP_T":0},"geometry":{"type":"LineString","coordinates":[[-75.0339910285273,39.2469250926271],[-75.034194870399,39.2455966931663]]}},{"type":"Feature","id":279542,"properties":{"OBJECTID":279542,"PRIMENAME":"Main Street","ELEVTYP_F":0,"ELEVTYP_T":0},"geometry":{"type":"LineString","coordinates":[[-75.0296114611076,39.245159064843],[-75.0299006337312,39.245183888631],[-75.0309647037507,39.2452737421093]]}},{"type":"Feature","id":279689,"properties":{"OBJECTID":279689,"PRIMENAME":"Temperance Street","ELEVTYP_F":0,"ELEVTYP_T":0},"geometry":{"type":"LineString","coordinates":[[-75.0270710241759,39.2473855966219],[-75.0270707227369,39.2473854124172],[-75.0270557905583,39.24736252621],[-75.0270556189558,39.2473396002292],[-75.0270602761755,39.247301359183],[-75.0270651551447,39.2472585382673],[-75.0270997487376,39.246954864977],[-75.0271708461883,39.2463307472216]]}},{"type":"Feature","id":280309,"properties":{"OBJECTID":280309,"PRIMENAME":"Main Street","ELEVTYP_F":0,"ELEVTYP_T":0},"geometry":{"type":"LineString","coordinates":[[-75.0897218272903,39.2647244935208],[-75.090028234905,39.264884580064],[-75.0902708177474,39.2650066047047],[-75.0905452293082,39.265145847752],[-75.0908154475514,39.2652819810901],[-75.0910810092246,39.2654186319783],[-75.0913376164216,39.2655487932161],[-75.0916017924743,39.2656885523473],[-75.0919758914841,39.2658830774679],[-75.0921974800996,39.265990021548],[-75.0923558731325,39.2660796036892],[-75.0924812659476,39.2661427209333],[-75.0924927156159,39.2661475775232]]}},{"type":"Feature","id":280953,"properties":{"OBJECTID":280953,"PRIMENAME":"Glade Road","ELEVTYP_F":0,"ELEVTYP_T":0},"geometry":{"type":"LineString","coordinates":[[-74.9891399854218,39.21750965511],[-74.9894826119078,39.2175040973685],[-74.9902766706317,39.2175007581287],[-74.9910081492451,39.2174976772661],[-74.991689684603,39.2175153135092]]}},{"type":"Feature","id":282111,"properties":{"OBJECTID":282111,"PRIMENAME":"Strawberry Avenue","ELEVTYP_F":0,"ELEVTYP_T":0},"geometry":{"type":"LineString","coordinates":[[-75.055850357828,39.2620755825934],[-75.0559444539169,39.2621838592579],[-75.0570918403701,39.2634771990338],[-75.0586762548865,39.2652682570871],[-75.0597245263622,39.2664520234519]]}},{"type":"Feature","id":282465,"properties":{"OBJECTID":282465,"PRIMENAME":"Washington Street","ELEVTYP_F":0,"ELEVTYP_T":0},"geometry":{"type":"LineString","coordinates":[[-75.039922859087,39.2474627834624],[-75.0396522993343,39.2489928164576]]}},{"type":"Feature","id":284907,"properties":{"OBJECTID":284907,"PRIMENAME":"Brown Street","ELEVTYP_F":0,"ELEVTYP_T":0},"geometry":{"type":"LineString","coordinates":[[-75.0240586311957,39.2460808199289],[-75.0245252224562,39.2461166656527]]}},{"type":"Feature","id":288335,"properties":{"OBJECTID":288335,"PRIMENAME":"Menhaden Road","ELEVTYP_F":0,"ELEVTYP_T":0},"geometry":{"type":"LineString","coordinates":[[-74.9949115749891,39.2371722230919],[-74.9944965000455,39.236728878155],[-74.9937198723996,39.2358800688382],[-74.9926532413786,39.2347256204945],[-74.9921293475519,39.2341610097461],[-74.9914603679521,39.2334308664995],[-74.9911377131226,39.2330964547866],[-74.990857151668,39.2328087877326],[-74.9903143796628,39.2322008662994],[-74.9899822245727,39.231834036433],[-74.9898574128682,39.2317105649186],[-74.9898568438313,39.2317100187105]]}},{"type":"Feature","id":289473,"properties":{"OBJECTID":289473,"PRIMENAME":"Yock Wock Road","ELEVTYP_F":0,"ELEVTYP_T":0},"geometry":{"type":"LineString","coordinates":[[-75.0461037265642,39.2486783172976],[-75.0452601992616,39.2487225487319],[-75.0432738465417,39.2488270253953]]}},{"type":"Feature","id":289993,"properties":{"OBJECTID":289993,"PRIMENAME":"Deer Street","ELEVTYP_F":0,"ELEVTYP_T":0},"geometry":{"type":"LineString","coordinates":[[-74.9960552000698,39.2384045477872],[-74.9959340480136,39.2385483619225],[-74.9957968735388,39.2387283508698],[-74.9956276194764,39.2389408480915],[-74.9955588880323,39.2390129126093],[-74.9953663144358,39.2391931916817],[-74.9952834435052,39.23926812313],[-74.995182889433,39.2393590436145],[-74.9949535950088,39.239564574099],[-74.9946967847176,39.2397989680177],[-74.994394103123,39.2400729841425],[-74.9942106989799,39.2402424593464],[-74.9941316145481,39.2403340345943],[-74.9941314745713,39.2403342270632]]}},{"type":"Feature","id":291376,"properties":{"OBJECTID":291376,"PRIMENAME":"Cobb Street","ELEVTYP_F":0,"ELEVTYP_T":0},"geometry":{"type":"LineString","coordinates":[[-75.0431657278475,39.2464247932044],[-75.043211346923,39.24748175831],[-75.0432166699376,39.2475812649747],[-75.043212867919,39.2476194477061]]}},{"type":"Feature","id":291530,"properties":{"OBJECTID":291530,"PRIMENAME":"Ogden Avenue","ELEVTYP_F":0,"ELEVTYP_T":0},"geometry":{"type":"LineString","coordinates":[[-75.0239539115288,39.2384509739913],[-75.0240070690223,39.2386006503769]]}},{"type":"Feature","id":296993,"properties":{"OBJECTID":296993,"PRIMENAME":"Brown Street","ELEVTYP_F":0,"ELEVTYP_T":0},"geometry":{"type":"LineString","coordinates":[[-75.0283467478421,39.2464374158676],[-75.0296785335843,39.2465367742992],[-75.0298323445753,39.2465498851499]]}},{"type":"Feature","id":302374,"properties":{"OBJECTID":302374,"PRIMENAME":"Main Street","ELEVTYP_F":0,"ELEVTYP_T":0},"geometry":{"type":"LineString","coordinates":[[-75.0551986256101,39.2475023857345],[-75.0554918197535,39.2475294598741],[-75.0559947147989,39.2475759061935],[-75.0564012201096,39.2476195435988],[-75.056841349687,39.2476727936083],[-75.0571096438214,39.2477073694309],[-75.057361163726,39.2477419429362],[-75.0576169388507,39.2477830570865],[-75.0578475467157,39.2478210239538],[-75.0580781546101,39.247858963339],[-75.0582920252182,39.2478970365489],[-75.0584933608998,39.2479351424506],[-75.058703056959,39.2479764760673],[-75.0589589098983,39.2480273337469],[-75.0591519201673,39.2480752532445],[-75.0593155441671,39.2481135396696],[-75.0594750710151,39.2481648587689],[-75.0596010703235,39.2482098321372],[-75.0597355065708,39.2482678068693],[-75.0598639657219,39.2483289405218],[-75.0599501218686,39.2483725943615],[-75.0600717091876,39.2484398836838],[-75.06019193436,39.2485224726225]]}},{"type":"Feature","id":303219,"properties":{"OBJECTID":303219,"PRIMENAME":"Yock Wock Road","ELEVTYP_F":0,"ELEVTYP_T":0},"geometry":{"type":"LineString","coordinates":[[-75.0396522993343,39.2489928164576],[-75.0395425815107,39.2489973604618],[-75.0392628401288,39.2490123025745],[-75.0389349522731,39.2490205746545],[-75.0388124910426,39.2490211412709],[-75.038744693362,39.249021454909],[-75.0386463142579,39.2490219099492],[-75.0383227526698,39.2490234059565],[-75.0381387942606,39.2490215932783]]}},{"type":"Feature","id":304514,"properties":{"OBJECTID":304514,"PRIMENAME":"Strawberry Avenue","ELEVTYP_F":0,"ELEVTYP_T":0},"geometry":{"type":"LineString","coordinates":[[-75.0511119848061,39.2576123403424],[-75.0512096066667,39.2576838274992],[-75.0515285689138,39.2579173991309],[-75.0518364482557,39.2581403738326],[-75.0522059153099,39.2584072335638],[-75.052320301012,39.2584916706027],[-75.0524434629246,39.2585828751715],[-75.0525535230711,39.258674168797],[-75.0526810654024,39.2587653523264],[-75.0528086080639,39.2588565357123],[-75.0529802025928,39.2589849333298],[-75.0530945009487,39.2590625877596],[-75.0531736759863,39.2591200090176],[-75.0532748726008,39.2591977534257],[-75.053367355577,39.2592720791116],[-75.0534422235616,39.2593431391992],[-75.0535259918515,39.2594277475582],[-75.0536009226439,39.259502184405],[-75.0536759325587,39.259586806362],[-75.0537509710416,39.2596748890714],[-75.0538436323918,39.2597764506189],[-75.0538705215989,39.2598070234732]]}},{"type":"Feature","id":304586,"properties":{"OBJECTID":304586,"PRIMENAME":"Yock Wock Road","ELEVTYP_F":0,"ELEVTYP_T":0},"geometry":{"type":"LineString","coordinates":[[-75.0432738465417,39.2488270253953],[-75.0431314874756,39.2488344986573],[-75.0418552366884,39.2488930782525]]}},{"type":"Feature","id":310282,"properties":{"OBJECTID":310282,"PRIMENAME":"Temperance Street","ELEVTYP_F":0,"ELEVTYP_T":0},"geometry":{"type":"LineString","coordinates":[[-75.0271708461883,39.2463307472216],[-75.0271939739168,39.2461277617289],[-75.0273747289652,39.2449766037457],[-75.0273769777356,39.2449609976688]]}},{"type":"Feature","id":314335,"properties":{"OBJECTID":314335,"PRIMENAME":"Main Street","ELEVTYP_F":0,"ELEVTYP_T":0},"geometry":{"type":"LineString","coordinates":[[-74.9921286680347,39.2261383924818],[-74.9921290810593,39.2261975334199],[-74.9921214258959,39.2265117028144],[-74.9921226571141,39.2266880005201],[-74.9921345929659,39.2269867659109],[-74.9921411404543,39.2272166374428],[-74.9921513380214,39.2275293314759]]}},{"type":"Feature","id":315920,"properties":{"OBJECTID":315920,"PRIMENAME":"Matts Landing Road","ELEVTYP_F":0,"ELEVTYP_T":0},"geometry":{"type":"LineString","coordinates":[[-75.0098988579744,39.2332108088128],[-75.0099684613946,39.233203283104],[-75.010047181581,39.2331776505429],[-75.0101583144079,39.233137461014],[-75.0103388027145,39.2330608337464],[-75.0106164349303,39.2329332595709],[-75.0107783792888,39.2328603369204],[-75.0111533353886,39.2327070467615],[-75.0117782368241,39.2324551569743],[-75.0120698782055,39.2323419327365],[-75.0122735925969,39.2322652553099],[-75.0124061979783,39.23221416924]]}},{"type":"Feature","id":318732,"properties":{"OBJECTID":318732,"PRIMENAME":"Brown Street","ELEVTYP_F":0,"ELEVTYP_T":0},"geometry":{"type":"LineString","coordinates":[[-75.0418134599682,39.2476170427892],[-75.0419468782185,39.2476227647043],[-75.0421778420366,39.2476255065136],[-75.042403873278,39.2476206372965],[-75.0426495321558,39.2476194929618],[-75.0429444143117,39.2476181186497],[-75.043212867919,39.2476194477061]]}},{"type":"Feature","id":325665,"properties":{"OBJECTID":325665,"PRIMENAME":"Brown Street","ELEVTYP_F":0,"ELEVTYP_T":0},"geometry":{"type":"LineString","coordinates":[[-75.0384114107844,39.2473268385361],[-75.0386672230494,39.2473514109865],[-75.0395621868024,39.2474313687455],[-75.039922859087,39.2474627834624]]}},{"type":"Feature","id":326011,"properties":{"OBJECTID":326011,"PRIMENAME":"Walnut Street","ELEVTYP_F":0,"ELEVTYP_T":0},"geometry":{"type":"LineString","coordinates":[[-75.0375940328165,39.2451287532252],[-75.039207619384,39.2452643171786]]}},{"type":"Feature","id":328747,"properties":{"OBJECTID":328747,"PRIMENAME":"Main Street","ELEVTYP_F":0,"ELEVTYP_T":0},"geometry":{"type":"LineString","coordinates":[[-75.0390810716679,39.2460540730378],[-75.0401424839443,39.2461487148114]]}},{"type":"Feature","id":328935,"properties":{"OBJECTID":328935,"PRIMENAME":"Market Street","ELEVTYP_F":0,"ELEVTYP_T":0},"geometry":{"type":"LineString","coordinates":[[-75.0363256484463,39.2457993354633],[-75.0361157577551,39.2471120065265]]}},{"type":"Feature","id":334764,"properties":{"OBJECTID":334764,"PRIMENAME":"Prospect Street","ELEVTYP_F":0,"ELEVTYP_T":0},"geometry":{"type":"LineString","coordinates":[[-75.0250577329247,39.2435870005218],[-75.025096499394,39.2435887841352],[-75.0261634977602,39.2436871252712]]}},{"type":"Feature","id":339213,"properties":{"OBJECTID":339213,"PRIMENAME":"East Point Road","ELEVTYP_F":0,"ELEVTYP_T":0},"geometry":{"type":"LineString","coordinates":[[-74.991689684603,39.2175153135092],[-74.9922033812601,39.2175125126772],[-74.9923426608272,39.2175119241058]]}},{"type":"Feature","id":339982,"properties":{"OBJECTID":339982,"PRIMENAME":"Brown Street","ELEVTYP_F":0,"ELEVTYP_T":0},"geometry":{"type":"LineString","coordinates":[[-75.0257761456316,39.2462176129612],[-75.0259564885543,39.2462327242821],[-75.0268611542408,39.2463012045212],[-75.0271708461883,39.2463307472216]]}},{"type":"Feature","id":341993,"properties":{"OBJECTID":341993,"PRIMENAME":"Brown Street","ELEVTYP_F":0,"ELEVTYP_T":0},"geometry":{"type":"LineString","coordinates":[[-75.0361157577551,39.2471120065265],[-75.0365478448605,39.2471548811609],[-75.0372801858609,39.2472203132328]]}},{"type":"Feature","id":378017,"properties":{"OBJECTID":378017,"PRIMENAME":"High Street","ELEVTYP_F":0,"ELEVTYP_T":0},"geometry":{"type":"LineString","coordinates":[[-75.0353192642701,39.2428251509496],[-75.0353083353999,39.243073577958],[-75.0352501055614,39.2440395100437],[-75.0352487735201,39.244063924778]]}},{"type":"Feature","id":379061,"properties":{"OBJECTID":379061,"PRIMENAME":"High Street","ELEVTYP_F":0,"ELEVTYP_T":0},"geometry":{"type":"LineString","coordinates":[[-75.0350718814426,39.2470213939989],[-75.0350402124287,39.2474915212345],[-75.0349615596719,39.2489911185343]]}},{"type":"Feature","id":383034,"properties":{"OBJECTID":383034,"PRIMENAME":"High Street","ELEVTYP_F":0,"ELEVTYP_T":0},"geometry":{"type":"LineString","coordinates":[[-75.0351586257721,39.2456948207983],[-75.0351462937338,39.245916812365],[-75.0350718814426,39.2470213939989]]}},{"type":"Feature","id":388095,"properties":{"OBJECTID":388095,"PRIMENAME":"High Street","ELEVTYP_F":0,"ELEVTYP_T":0},"geometry":{"type":"LineString","coordinates":[[-75.0338959204561,39.2326792672932],[-75.0338745575099,39.2327439991583],[-75.0338617949672,39.2327882636703],[-75.0338535290758,39.2328528805513],[-75.0338453149778,39.2329243344291],[-75.0338420169343,39.2329949054898]]}},{"type":"Feature","id":396986,"properties":{"OBJECTID":396986,"PRIMENAME":"High Street","ELEVTYP_F":0,"ELEVTYP_T":0},"geometry":{"type":"LineString","coordinates":[[-75.0336266651469,39.2350488668879],[-75.0336006745148,39.2352579071125],[-75.0335887871235,39.2354177897658],[-75.033588151947,39.2354489322611],[-75.0335855943057,39.2355741725295],[-75.0335800201049,39.2357324137823],[-75.0335748128871,39.2358802308496],[-75.0335304105503,39.2375226695908],[-75.0334911560715,39.238689060939],[-75.0334882966229,39.2388896480572],[-75.0334843573638,39.2389475177013],[-75.0334934995458,39.2389984640752],[-75.0335026316163,39.2390528146952],[-75.0335118253947,39.2391105692323],[-75.0335253620834,39.2391683318002],[-75.0335431843565,39.2392090519282],[-75.0335568754149,39.239287186742],[-75.0335924818474,39.2393686262572],[-75.0336281153117,39.239453469837],[-75.0336948558326,39.2396129641975],[-75.0337795917214,39.2398267684869],[-75.033872936395,39.2400303467686],[-75.0339175585448,39.2401457364045],[-75.0339664723882,39.2402543519943],[-75.0340242710014,39.240379867653],[-75.0340732363911,39.2404952373075],[-75.0341309067148,39.2406037847427],[-75.0341709444034,39.240691958089],[-75.0342196165275,39.2407733374662],[-75.0342640595736,39.2408649776467],[-75.0343348293381,39.2409734378594],[-75.0343878380156,39.2410446098904],[-75.0344408996351,39.2411225918543],[-75.0345027588323,39.2412106919697],[-75.0345691350313,39.2413123908198],[-75.0346353462888,39.2413970666869],[-75.0347148391468,39.2415055415646],[-75.0348431466424,39.241695338981],[-75.0349934464416,39.241912246305],[-75.0351392392529,39.2421121774596],[-75.0352012396092,39.2422138960351],[-75.0352411405752,39.2422885050639],[-75.0352768034169,39.2423767530538],[-75.0353037097032,39.2424650133515],[-75.0353132157712,39.2425635959399],[-75.0353227888407,39.242675713939],[-75.0353195315901,39.2428185602229],[-75.0353192642701,39.2428251509496]]}},{"type":"Feature","id":401968,"properties":{"OBJECTID":401968,"PRIMENAME":"Main Street","ELEVTYP_F":0,"ELEVTYP_T":0},"geometry":{"type":"LineString","coordinates":[[-75.0924927156159,39.2661475775232],[-75.0925609195436,39.2661766637026],[-75.0926957186796,39.2662368502425],[-75.0928304939803,39.2662941802635],[-75.0929727576211,39.2663514719966],[-75.0931299268335,39.266408660611],[-75.0932458584956,39.2664428577214],[-75.0934384671016,39.2665014580093],[-75.0935675024748,39.2665398164432],[-75.093731732483,39.2665839812084],[-75.0938811852488,39.2666266563893],[-75.0940623827776,39.2666764993656],[-75.0942229972523,39.2667190892396],[-75.094390126266,39.2667676315516],[-75.0946106966849,39.2668244945252],[-75.094801409468,39.2668757155514],[-75.0949584821908,39.2669213159038],[-75.0951192154412,39.2669611032983],[-75.0953398722043,39.2670237846061],[-75.0954838353776,39.2670603350263],[-75.095627698461,39.2671016087495],[-75.095762392249,39.2671404852958],[-75.0958596171305,39.2671718649653],[-75.0959568874415,39.2672003887393],[-75.0960658866033,39.2672386226284],[-75.096095373277,39.2672489652785],[-75.0962113457916,39.2672918908081],[-75.0963161088662,39.2673290804867],[-75.0964210700589,39.2673767788559],[-75.0964359585003,39.267383545186],[-75.0965445639317,39.2674322733257],[-75.0967018604213,39.2675039811716],[-75.0968244061393,39.2675721051122],[-75.0968295499909,39.2675747974062]]}},{"type":"Feature","id":401982,"properties":{"OBJECTID":401982,"PRIMENAME":"East Point Road","ELEVTYP_F":0,"ELEVTYP_T":0},"geometry":{"type":"LineString","coordinates":[[-74.9923426608272,39.2175119241058],[-74.9925654143275,39.2175109824418],[-74.9939809533474,39.2174977665502],[-74.9952387419635,39.2174888291266],[-74.9960927684393,39.2174851952848],[-74.9973246507556,39.2174734233848],[-74.9974572307429,39.2174721555571],[-74.9984179658145,39.2174644249198],[-74.9990909579946,39.2174615435259],[-74.9996276534306,39.2174564134044],[-74.9997732419013,39.217455021387],[-75.0000981068672,39.2174536271942],[-75.0003116491345,39.2174527102611],[-75.0004322401868,39.2174449712679],[-75.0005992800075,39.2174370316538],[-75.0007430446807,39.2174219717404],[-75.0007594494729,39.2174187077985]]}},{"type":"Feature","id":402019,"properties":{"OBJECTID":402019,"PRIMENAME":"Dragston Road","ELEVTYP_F":0,"ELEVTYP_T":0},"geometry":{"type":"LineString","coordinates":[[-75.082364187176,39.2658683089866],[-75.0817397533957,39.2658527588734],[-75.0782377223732,39.2657553766642],[-75.075627242684,39.2656879155723],[-75.0743514708597,39.2656444627915],[-75.0739207530351,39.2656318625196],[-75.0734550511561,39.2656182384544],[-75.0727605468353,39.2655987027372],[-75.072539936581,39.2655908641126],[-75.0724922183466,39.2655908789133],[-75.0724270502343,39.2655908695727],[-75.0723813256434,39.2655929346927],[-75.0723025138745,39.2656046615047],[-75.0722470176596,39.2656256367665],[-75.0722379010162,39.265629470395]]}},{"type":"Feature","id":402041,"properties":{"OBJECTID":402041,"PRIMENAME":"Dragston Road","ELEVTYP_F":0,"ELEVTYP_T":0},"geometry":{"type":"LineString","coordinates":[[-75.0651919275437,39.2537059846448],[-75.0650907674002,39.2546699275753],[-75.0650754643767,39.2547916635002],[-75.0650712927809,39.2548835544852],[-75.0650621465266,39.2549716258187],[-75.0650529348566,39.2550558807053],[-75.0650534265396,39.2551171347884],[-75.0650540409846,39.2551936823488],[-75.065054502035,39.2552511198168],[-75.0650590084619,39.2553154018829],[-75.0650681256908,39.2553865267036],[-75.0650806880025,39.2554423956835],[-75.0651060696185,39.2555379320958],[-75.0651312992752,39.2556143872297],[-75.0651615956127,39.2557061109409],[-75.0651621364581,39.2557075225991],[-75.0651967999741,39.255797811724],[-75.0652189328377,39.2558500417784]]}},{"type":"Feature","id":402069,"properties":{"OBJECTID":402069,"PRIMENAME":"East Point Road","ELEVTYP_F":0,"ELEVTYP_T":0},"geometry":{"type":"LineString","coordinates":[[-75.0007594494729,39.2174187077985],[-75.0008728247654,39.2173961528727],[-75.001025728029,39.2173557653618],[-75.001087826576,39.2173321128481],[-75.0011599520151,39.2173046391055],[-75.0012988098393,39.2172498687352],[-75.0014006132358,39.2172061027248],[-75.0015070150154,39.2171587477609],[-75.0015601053284,39.2171245824143],[-75.0016826180421,39.2170496458292],[-75.0017703077339,39.2169770553259],[-75.0017834299483,39.2169647656011],[-75.001867117746,39.2168863864456],[-75.0019230262239,39.2167982106431],[-75.0019359849721,39.216777771842],[-75.0019863281625,39.2166800541272],[-75.0020135594577,39.2165932539973],[-75.0020452864665,39.2164884504152],[-75.0020722853174,39.2163691972489],[-75.0021173007968,39.2161776265581],[-75.0021802829109,39.2158921295393],[-75.0022792283914,39.2154476106021],[-75.0023780697312,39.2149886490685],[-75.002526436204,39.2143128361191],[-75.0026477683279,39.2137562764192],[-75.0027332298576,39.2133768060786],[-75.0028232202012,39.2129792770747],[-75.0028772147343,39.2127407423299],[-75.0029041861166,39.2126178649981],[-75.0029266624898,39.2125130460952],[-75.0029582304728,39.2123865519058],[-75.0030038180521,39.2122708151871],[-75.0030497393179,39.2122020280384],[-75.0030956603082,39.2121332147484],[-75.0031555742658,39.2120715890465],[-75.0032294192173,39.2120135001331],[-75.0032529196442,39.2119982197036],[-75.0033356569011,39.2119444252794],[-75.0034697401094,39.2118752579152],[-75.0036085856539,39.211820511846],[-75.0039093698564,39.2116928253387],[-75.0042333044058,39.2115650657802],[-75.0045294528945,39.2114410226585],[-75.0047006979237,39.2113716650021],[-75.0048487370366,39.2113096845312],[-75.0049782972714,39.2112549500425],[-75.005070833744,39.2112148179698],[-75.0051448831577,39.2111856119288],[-75.0052373577736,39.2111418829949],[-75.0053761846219,39.2110799138804],[-75.0054963587511,39.2110107774949],[-75.0056441720051,39.2109126630709],[-75.0057919070442,39.2108037028564],[-75.0060088764496,39.2106438928152],[-75.0061981631831,39.2105022696184],[-75.0065535557317,39.2102299140869],[-75.0068582237101,39.21000116104],[-75.0071351137629,39.2097869152072],[-75.0074074903598,39.2095835343142],[-75.0077029403214,39.20936923421],[-75.0079383439909,39.2091877041795],[-75.0083353520538,39.2088934977638],[-75.0086076608596,39.2086864903217],[-75.0089630872669,39.2084213761947],[-75.0092446217999,39.2082071320516],[-75.0094015759344,39.2080909059128],[-75.0095400179271,39.2079819815524],[-75.0096093084204,39.2079347544412],[-75.0096923728303,39.2078694000595],[-75.0097846411348,39.2077931593975],[-75.0098491936884,39.2077351069291],[-75.0099275476105,39.2076625789962],[-75.0100657788161,39.207524742014],[-75.0102085024224,39.2073688740734],[-75.0104709785461,39.2070824983819],[-75.0107471924939,39.206777994892],[-75.0109543949185,39.2065496312923],[-75.0111246962332,39.2063575343381],[-75.0113185899612,39.2061468720523],[-75.0116454201569,39.2057917763328],[-75.0118153769266,39.2056071161872],[-75.0121560228192,39.2052301132768],[-75.0124323094883,39.2049328273335],[-75.0127453773384,39.2045884538971],[-75.0130952502259,39.2042005904617],[-75.0133806785849,39.2038852490444],[-75.0136383572805,39.2035880142667],[-75.0139514133078,39.2032436375888],[-75.0143657919865,39.2027940907499],[-75.0146097437597,39.2025222303249],[-75.0146972702954,39.2024315646198],[-75.0147755342019,39.2023481878279],[-75.0148584567294,39.2022647903952],[-75.0149276492374,39.2022103115747],[-75.0150105974913,39.2021304838955],[-75.0151213875564,39.2020505871071],[-75.0152506854688,39.2019633603088],[-75.0154677742025,39.2018215998739],[-75.0159573233973,39.201505321735],[-75.0162713881428,39.2013017074027],[-75.0165300334506,39.2011344998344],[-75.016793246082,39.2009600215748],[-75.0171257621806,39.2007419089508],[-75.017379744705,39.2005747192848],[-75.0178739341576,39.2002584124567],[-75.0182018736813,39.2000475110979],[-75.0183867695924,39.1999492145671],[-75.0185438655962,39.1998618604106],[-75.018681012334,39.199795333698],[-75.0187242171559,39.1997743754775],[-75.0189138396602,39.1996905279506],[-75.0191543881948,39.1995883582841],[-75.0195060635204,39.1994531836056],[-75.0199686681579,39.1992633947495],[-75.0203619330954,39.1991027708706],[-75.0207181466974,39.1989567821555],[-75.0211853763596,39.1987633149413],[-75.0216248688941,39.1985844139038],[-75.0220643941165,39.1984055380862],[-75.0222401513961,39.1983325373799],[-75.0223434740203,39.1982856464596]]}},{"type":"Feature","id":402072,"properties":{"OBJECTID":402072,"PRIMENAME":"Middle Street","ELEVTYP_F":0,"ELEVTYP_T":0},"geometry":{"type":"LineString","coordinates":[[-74.9915521001525,39.2187103646952],[-74.9909771155105,39.2187127895239],[-74.9904341743636,39.2187295186388],[-74.9899467955765,39.2187315695217],[-74.9898506778134,39.2187331204933],[-74.9896447334828,39.2187364419701],[-74.9893388941519,39.2187413736427],[-74.9890789326243,39.2187424653665],[-74.9889861014603,39.2187428550759],[-74.9888987567039,39.218732487455]]}},{"type":"Feature","id":402094,"properties":{"OBJECTID":402094,"PRIMENAME":"Newell Road","ELEVTYP_F":0,"ELEVTYP_T":0},"geometry":{"type":"LineString","coordinates":[[-74.9915728171507,39.2407217379028],[-74.9911398479796,39.2413934081016],[-74.9904047329927,39.2425121692885],[-74.9900876426614,39.2429828831983],[-74.9899543554339,39.2431819858667],[-74.9898025055532,39.2433776253139],[-74.989727367282,39.2434587575451],[-74.9895306101693,39.2436712137033],[-74.9893277149139,39.243874260112],[-74.9890880988896,39.2441387990778],[-74.9888206731274,39.244410731095],[-74.9886823534433,39.2445521395926],[-74.9885856653015,39.2446680845398],[-74.9885123241033,39.2447546620066],[-74.9884741013614,39.2448235477547],[-74.9884662173806,39.2448527124698],[-74.9884666430315,39.244914077312],[-74.9884809961744,39.2449826326477],[-74.9885046156706,39.2450330813495],[-74.9885421874853,39.2450942903819],[-74.988584285104,39.2451410654793],[-74.9886217817924,39.2451914289158],[-74.988710673544,39.2452849323038],[-74.9887994794924,39.2453712141011],[-74.9888790604402,39.2454611585537],[-74.9889445166802,39.2455258473797],[-74.9893279914965,39.2459214033878],[-74.9895712520127,39.2461803444645],[-74.9898425397542,39.2464680528604],[-74.9899829306313,39.2466191073717],[-74.9900673411909,39.246737888458],[-74.9901050159934,39.2468135664121],[-74.9901239910161,39.2468712561891],[-74.9901384562419,39.2469506287764],[-74.9901343328101,39.2470228306862],[-74.9901116520612,39.2471023595916],[-74.9900749826071,39.2471711564249],[-74.9900107282516,39.2472797171224],[-74.9897672560516,39.2476562167394],[-74.9897377534019,39.247700960242],[-74.9895237324098,39.2480255220927],[-74.9893997307887,39.2482210158988],[-74.9892892061008,39.2483586833372],[-74.9891693788834,39.2484891687639],[-74.9891656640085,39.2484929245729],[-74.9890402981075,39.2486196920205],[-74.9888833718811,39.248757526873],[-74.9887310963761,39.2488989930212],[-74.9886065146722,39.2490114300587],[-74.9885003725205,39.2491093755948],[-74.9883711151421,39.2492146119147],[-74.9882478309573,39.2493253630942],[-74.9882418978216,39.2493306928977],[-74.9881357784542,39.2494322340773],[-74.9880250087916,39.2495301715462],[-74.987757393294,39.2497732160164],[-74.9875219787275,39.2499799652528],[-74.987295809956,39.2501759114239],[-74.9870788656948,39.2503681675493],[-74.986502024454,39.250890504949],[-74.9861466492134,39.251206097661],[-74.9858282708353,39.2514998711311],[-74.9855374687913,39.2517574509182],[-74.9849466900009,39.2522798116184],[-74.9843281290249,39.2528203507754],[-74.9840927790072,39.2530343686681],[-74.9837650715741,39.2533245512202],[-74.9834881284064,39.2535712224028],[-74.9831972942608,39.2538215466269],[-74.9828973093205,39.2540971967732],[-74.9828940449956,39.2541001758068]]}},{"type":"Feature","id":402100,"properties":{"OBJECTID":402100,"PRIMENAME":"Red Fern Drive South","ELEVTYP_F":0,"ELEVTYP_T":0},"geometry":{"type":"LineString","coordinates":[[-75.0222206971962,39.2580038002048],[-75.0222259246565,39.2578348895986],[-75.0222343803078,39.2577940500288],[-75.0222472157124,39.2577531917184],[-75.0222644442936,39.2577191220879],[-75.0222948119198,39.2576849674054],[-75.0223339515022,39.2576576087791],[-75.0223819512155,39.2576437749157],[-75.0224256828888,39.2576401745547],[-75.0224781371783,39.2576365620692],[-75.0225349615204,39.2576363071191],[-75.0239086245859,39.2576879320418],[-75.0249838279508,39.25772614288]]}},{"type":"Feature","id":402128,"properties":{"OBJECTID":402128,"PRIMENAME":"Main Street","ELEVTYP_F":0,"ELEVTYP_T":0},"geometry":{"type":"LineString","coordinates":[[-74.991689684603,39.2175153135092],[-74.9916665284086,39.2177934148737],[-74.9916195528303,39.2181230997969],[-74.9915730578242,39.2185217552193],[-74.9915521001525,39.2187103646952]]}},{"type":"Feature","id":402143,"properties":{"OBJECTID":402143,"PRIMENAME":"Parson Lane","ELEVTYP_F":0,"ELEVTYP_T":0},"geometry":{"type":"LineString","coordinates":[[-75.0269487063494,39.2549659135008],[-75.0273146147564,39.2552346811572],[-75.0277018220651,39.2555457724703],[-75.028308857719,39.2560190144265],[-75.0284846778336,39.2561499397331],[-75.0285947547935,39.2562319091572],[-75.028704719068,39.2563198216839],[-75.0287882763211,39.2563806168748],[-75.0288542759931,39.2564313593354],[-75.0289250132549,39.2564780445763],[-75.0289964768723,39.2565086639878],[-75.0290750937365,39.2565370546638],[-75.0291509914089,39.2565560666134],[-75.0292227018699,39.2565724896732],[-75.0293190542851,39.256592479632],[-75.0294222213315,39.2566120538824],[-75.0295247858639,39.256631466832],[-75.0296125021744,39.2566489149707],[-75.0302387157897,39.2567582272507],[-75.0321437452889,39.2570957412933],[-75.0322969501655,39.2571228845212]]}},{"type":"Feature","id":402186,"properties":{"OBJECTID":402186,"PRIMENAME":"Dragston Road","ELEVTYP_F":0,"ELEVTYP_T":0},"geometry":{"type":"LineString","coordinates":[[-75.0652534778882,39.2526567884838],[-75.0652505832999,39.25278892544],[-75.0652278165467,39.2531999330249],[-75.0652085733999,39.2535473536934],[-75.0652035579241,39.2535951519845]]}},{"type":"Feature","id":402190,"properties":{"OBJECTID":402190,"PRIMENAME":"Red Fern Drive North","ELEVTYP_F":0,"ELEVTYP_T":0},"geometry":{"type":"LineString","coordinates":[[-75.0248610867869,39.2585343703668],[-75.0240678513541,39.258520233505],[-75.0226811800138,39.2584788544371],[-75.0225499289319,39.2584726341563],[-75.0224886893537,39.2584729089243],[-75.0224142982784,39.2584664612992],[-75.0223529935602,39.2584531177224],[-75.0223047913842,39.2584397423745],[-75.0222652118573,39.2584127097722],[-75.0222343404804,39.2583788567489],[-75.0222165304142,39.2583347307739],[-75.022211822869,39.2582905739685],[-75.0222206971962,39.2580038002048]]}},{"type":"Feature","id":402213,"properties":{"OBJECTID":402213,"PRIMENAME":"Dragston Road","ELEVTYP_F":0,"ELEVTYP_T":0},"geometry":{"type":"LineString","coordinates":[[-75.0841873220728,39.2659193247452],[-75.0838347212156,39.265908637499],[-75.083148412394,39.2658878326987],[-75.082364187176,39.2658683089866]]}},{"type":"Feature","id":404089,"properties":{"OBJECTID":404089,"PRIMENAME":"Dragston Road","ELEVTYP_F":0,"ELEVTYP_T":0},"geometry":{"type":"LineString","coordinates":[[-75.0652035579241,39.2535951519845],[-75.0651919275437,39.2537059846448]]}},{"type":"Feature","id":483130,"properties":{"OBJECTID":483130,"PRIMENAME":"Main Street","ELEVTYP_F":0,"ELEVTYP_T":0},"geometry":{"type":"LineString","coordinates":[[-74.9924264910167,39.2229382087247],[-74.9924261794636,39.2228936192413],[-74.992425536993,39.222801668519],[-74.9924050637469,39.2226906356865],[-74.9923748225196,39.2225911485635],[-74.9923347786006,39.2225032081905],[-74.9922595868182,39.2223157734546],[-74.9921093396346,39.2219600962053],[-74.9918841716897,39.2214553135645],[-74.9918298056754,39.2213278890795],[-74.9917389405565,39.2211149087954],[-74.9915538107247,39.2207019098856],[-74.9914536113953,39.2204609566968],[-74.991418099829,39.2203692926591],[-74.9913884070524,39.2202926442324],[-74.9913826823828,39.2202484243762],[-74.9913779981089,39.2202122390904],[-74.9913818710388,39.2200589564376],[-74.9914004186446,39.2198941353707],[-74.9914238543286,39.2197216600865],[-74.9914517952755,39.2194916156926],[-74.9914523381763,39.2194872633192],[-74.991489102303,39.2191926141621],[-74.9915406384065,39.2188131025957],[-74.9915521001525,39.2187103646952]]}},{"type":"Feature","id":483131,"properties":{"OBJECTID":483131,"PRIMENAME":"Brown Street","ELEVTYP_F":0,"ELEVTYP_T":0},"geometry":{"type":"LineString","coordinates":[[-75.0326223625081,39.2467928939429],[-75.0310469939102,39.2466538279379],[-75.030912695627,39.2466419710665],[-75.0298323445753,39.2465498851499]]}},{"type":"Feature","id":483132,"properties":{"OBJECTID":483132,"PRIMENAME":"Main Street","ELEVTYP_F":0,"ELEVTYP_T":0},"geometry":{"type":"LineString","coordinates":[[-75.0246996048937,39.2447300408576],[-75.0244365820502,39.2447074195246],[-75.0242018253129,39.2446879061262],[-75.0234384989981,39.2446244506028],[-75.0221257240049,39.2445153065896],[-75.0213047125822,39.244457837483]]}},{"type":"Feature","id":483133,"properties":{"OBJECTID":483133,"PRIMENAME":"Main Street","ELEVTYP_F":0,"ELEVTYP_T":0},"geometry":{"type":"LineString","coordinates":[[-75.0633411143211,39.2507989530105],[-75.0630496992297,39.2505864170836],[-75.0624852822828,39.250175614918],[-75.0624823783713,39.250173520128],[-75.0618576784261,39.2497228033951],[-75.0612006024514,39.2492440463627],[-75.0609394511102,39.2490564830544],[-75.0607077743247,39.2488850036923],[-75.0603708298694,39.2486424504797],[-75.06019193436,39.2485224726225]]}},{"type":"Feature","id":483134,"properties":{"OBJECTID":483134,"PRIMENAME":"James Moore Road","ELEVTYP_F":0,"ELEVTYP_T":0},"geometry":{"type":"LineString","coordinates":[[-75.0653475592222,39.2660593869712],[-75.0651791453715,39.266186530324],[-75.065127409463,39.2662246940262],[-75.0648307826586,39.2664435152375],[-75.0643435145184,39.2668039977267],[-75.0636613360407,39.2673102296359],[-75.0628573607593,39.2679008725614],[-75.0623554098769,39.2682652073882],[-75.061936416343,39.2685796895018],[-75.0617573532079,39.2687152847758]]}},{"type":"Feature","id":483135,"properties":{"OBJECTID":483135,"PRIMENAME":"North Avenue","ELEVTYP_F":0,"ELEVTYP_T":0},"geometry":{"type":"LineString","coordinates":[[-75.0271449555359,39.2546167329551],[-75.0271461365336,39.2546141467648],[-75.0271637868485,39.2545470721064],[-75.0271813220517,39.2544694268618],[-75.0271988670205,39.2543882945012],[-75.0272161383311,39.254275423038],[-75.027233498552,39.2541696343033],[-75.027336810088,39.2534359822608],[-75.0275306766928,39.252081583693],[-75.0276875840267,39.2509797605413]]}},{"type":"Feature","id":483136,"properties":{"OBJECTID":483136,"PRIMENAME":"North Avenue","ELEVTYP_F":0,"ELEVTYP_T":0},"geometry":{"type":"LineString","coordinates":[[-75.0249838279508,39.25772614288],[-75.024988513714,39.257700970919],[-75.0250107310609,39.2576444741515],[-75.025028409402,39.2575809417352],[-75.0250505837482,39.2575138740537],[-75.0250728357475,39.2574573771167],[-75.0250995552067,39.2573938309486],[-75.0251262229294,39.2573232009741],[-75.025157551729,39.2572666630905],[-75.0251842625062,39.2572066319324],[-75.0252110965568,39.2571536554188],[-75.0252424776627,39.2571041463586],[-75.0252692492889,39.2570476289965],[-75.0253096009214,39.2569839942655],[-75.0253544292894,39.2569238804411],[-75.0253858187249,39.2568708572118],[-75.0254531699195,39.2567859584215],[-75.0255204767932,39.2566904886908],[-75.0255879162563,39.2566126455308],[-75.0256552669622,39.2565277466232],[-75.0257316763802,39.2564357506739],[-75.0259158837598,39.2562129015159],[-75.0263922376131,39.2556467552165],[-75.026481205773,39.2555416833749],[-75.0266079507383,39.2553919951783],[-75.0266887636264,39.2552894066736],[-75.026778635096,39.2551797489532],[-75.026895390873,39.2550382292003],[-75.0269487063494,39.2549659135008]]}},{"type":"Feature","id":483137,"properties":{"OBJECTID":483137,"PRIMENAME":"North Avenue","ELEVTYP_F":0,"ELEVTYP_T":0},"geometry":{"type":"LineString","coordinates":[[-75.0248389206207,39.2587384163248],[-75.0248379610192,39.2587472495649],[-75.0248115973407,39.2589899252795],[-75.0248079432568,39.2590235638694],[-75.0246682735283,39.260356571014],[-75.0245288777893,39.2617318320069],[-75.0244991586399,39.2619998635379],[-75.0244908165017,39.2620985811435],[-75.0244870318678,39.2621973061462],[-75.0244787960247,39.2623101363734],[-75.0244750804101,39.2624229462403],[-75.0244714783253,39.262546326684],[-75.0244723714702,39.2626661727921],[-75.0244776021012,39.2627613151696],[-75.024478284912,39.2628529360144],[-75.0244787916247,39.2629209274142],[-75.0244789941222,39.2629480987519],[-75.024482349208,39.2629784709076]]}},{"type":"Feature","id":483138,"properties":{"OBJECTID":483138,"PRIMENAME":"Peterson Lane","ELEVTYP_F":0,"ELEVTYP_T":0},"geometry":{"type":"LineString","coordinates":[[-75.0007461043589,39.2302871468549],[-75.0006818048047,39.230466071748],[-75.0005772797644,39.2306269025917],[-75.0004605978739,39.2307990881949],[-75.000341483065,39.230971274219],[-75.0002199254072,39.2311226507923],[-75.0001567018372,39.2311680697219],[-75.0000691623724,39.2312380899858],[-74.9999597239527,39.231287305994],[-74.9998089371534,39.231351665599],[-74.9996970542204,39.2313743968507],[-74.9995511202954,39.2314065948484],[-74.9992835672432,39.2314501743577],[-74.9991570900952,39.231480475104],[-74.9990403452931,39.2315126653808],[-74.9989357679882,39.2315580950619],[-74.9988652404959,39.2315940571104],[-74.9987874233439,39.2316451553275],[-74.9987315000705,39.2317038158439],[-74.9986804478047,39.2317776082179],[-74.9986318384315,39.2318722117273],[-74.9986051008682,39.2319232974344],[-74.9985856602849,39.2319705972719],[-74.9985712029286,39.23230355817],[-74.9985614993008,39.2323659897791],[-74.9985080368133,39.2324965379059],[-74.9984302582772,39.232647901773],[-74.9983378729986,39.2327708918126],[-74.9982892576089,39.2328579264799],[-74.9982430963828,39.232996039878],[-74.9982091071812,39.2331606349198],[-74.9981945815151,39.233330901155],[-74.9981924230879,39.2333462261708],[-74.9981914999413,39.2333616260763],[-74.9981918162822,39.2333770404985],[-74.9981933716847,39.2333924090839],[-74.9981961587796,39.2334076724099],[-74.9982001667228,39.2334227710684],[-74.998205381189,39.2334376447654],[-74.9982117809222,39.2334522359392],[-74.9982193400337,39.2334664870475],[-74.9991404649581,39.2335485395412]]}},{"type":"Feature","id":483421,"properties":{"OBJECTID":483421,"PRIMENAME":"Berrytown Road","ELEVTYP_F":0,"ELEVTYP_T":0},"geometry":{"type":"LineString","coordinates":[[-75.0633411143211,39.2507989530105],[-75.0633815398792,39.2507626238555],[-75.063404319022,39.2507362926541],[-75.0634234071491,39.2507033339709],[-75.0634450008446,39.2506658329494],[-75.0634621816366,39.2506283532738],[-75.0634749013923,39.2505806817055],[-75.0635431029203,39.2503525961137],[-75.0638714103214,39.2493071472313],[-75.0642677874018,39.2480233974257],[-75.0646642954181,39.2467532648649],[-75.0649755826156,39.245769151393],[-75.06550917595,39.2441515127009],[-75.0659616950066,39.2427825047765],[-75.0662767243063,39.2417235479234],[-75.0663022751677,39.2416384449147],[-75.066323665594,39.2415805164231],[-75.0663452823732,39.2415464188997],[-75.0663624785783,39.2415157830966],[-75.0663885292305,39.2414883841157],[-75.0664277058766,39.2414644164731],[-75.0664537871028,39.2414540752416],[-75.0665018838244,39.241450436218],[-75.0665456577702,39.241453628395],[-75.0672464695187,39.2416066121787],[-75.067728310884,39.2417131041509],[-75.0686787426596,39.2419158504359],[-75.069072937806,39.2419989326678],[-75.069156879203,39.242013486007],[-75.0692086777453,39.2420220744105],[-75.0692652463829,39.2420311880754],[-75.0693132158748,39.2420335623803],[-75.0693634442384,39.2420359247222],[-75.069412522083,39.2420356847961],[-75.0694623137212,39.2420275889198],[-75.0695038018083,39.2420100606111],[-75.0695438499205,39.2419933906032],[-75.0695755386397,39.2419692657464],[-75.0696059028394,39.2419385029173],[-75.0696275109177,39.2419078099289],[-75.069644713861,39.2418737333854],[-75.0696575737551,39.2418396519575],[-75.0696703704035,39.2418021927657],[-75.0696788792986,39.241771563836],[-75.0696832565377,39.241745293459],[-75.0697127337663,39.2416354033876],[-75.0697467888276,39.2415196157712],[-75.0697809814907,39.2414208502487],[-75.0698064252486,39.2413187503459],[-75.0698489370555,39.2411791153734],[-75.0698659195687,39.2411178306293],[-75.0698787315461,39.2410735620435],[-75.0698958503692,39.2410292723827],[-75.0699174041063,39.2409917703105],[-75.0699433344063,39.2409542747432],[-75.0699736706825,39.2409201347798],[-75.0700040351927,39.240889343916],[-75.0700347356996,39.2408697269627],[-75.070054385757,39.240858812852],[-75.0700798471542,39.2408505601402],[-75.0701122710164,39.2408432083929],[-75.0701597302256,39.2408348759107],[-75.0702292970065,39.2408272864497],[-75.0702833231407,39.2408233700113],[-75.0703996847671,39.2408254071789],[-75.0714990379028,39.2408446491933],[-75.0718095424728,39.2408532837424],[-75.0719626480802,39.2408627184423],[-75.0720457548322,39.2408657424169],[-75.0721200763728,39.2408653773655],[-75.0721943711881,39.2408615802771],[-75.0722477947366,39.2408573641136],[-75.07229919359,39.2408474746064],[-75.0723514958189,39.2408268716994],[-75.072389074779,39.2408064510259],[-75.0724284303917,39.2407787186677],[-75.0724645416718,39.2407514679659],[-75.0725123889541,39.2407172412744],[-75.072581779943,39.2406488892196],[-75.0726901800596,39.2405361664479],[-75.0728458928423,39.2403279906933],[-75.0729108493287,39.2402528779822],[-75.07295773581,39.2401887567418],[-75.0729757308089,39.2401641479191],[-75.0730362818424,39.2400856517121],[-75.0730794189698,39.2400106471536],[-75.0731357294491,39.2399491684158],[-75.0731834107765,39.2398945134838],[-75.0732441069426,39.2398296359385],[-75.073335323408,39.2397577709107],[-75.0734092023478,39.2397030427753],[-75.0734874304354,39.2396448331317],[-75.0735482295219,39.2395969227517],[-75.0736831354488,39.2395180609335],[-75.0737788475995,39.2394563878032],[-75.0738919731759,39.2393912245985],[-75.0740052174556,39.2393362462628],[-75.0740748278561,39.2392951573263],[-75.0741358559647,39.2392710235363],[-75.074227355131,39.2392297716591],[-75.0743188471956,39.2391919239411],[-75.0744496512945,39.2391470729759],[-75.0745891199479,39.239095396851],[-75.0746937725503,39.2390608619863],[-75.0747983430748,39.2390161400667],[-75.0748767079572,39.2389749245713],[-75.0749374862948,39.2389202592233],[-75.0749982075737,39.2388587578069],[-75.0750806375051,39.2387835585135],[-75.0751760904891,39.2386946753624],[-75.0752846292092,39.2385955410345],[-75.0754278622957,39.2384690250542],[-75.0760832988101,39.2378844097337],[-75.0767862176644,39.2372314905449],[-75.0770335460519,39.2369990494439],[-75.0773593375813,39.236742441768],[-75.078280709869,39.2360680565899],[-75.0786024013247,39.2358420522065],[-75.0788371090812,39.23567768183],[-75.0792410026534,39.2353458595157]]}},{"type":"Feature","id":483442,"properties":{"OBJECTID":483442,"PRIMENAME":"Maple Street","ELEVTYP_F":0,"ELEVTYP_T":0},"geometry":{"type":"LineString","coordinates":[[-75.1177568057376,39.2625474763023],[-75.117698073295,39.2625439440745],[-75.1176095272425,39.2625521012612],[-75.1175013069374,39.2625679962068],[-75.1173587521274,39.2625917065766],[-75.1169800835373,39.2626473361879],[-75.1155144988647,39.2628541267031],[-75.1148506450267,39.2629571645989],[-75.1146685715971,39.2629734468219],[-75.1141817442433,39.263048694007],[-75.1134981780581,39.2631518831113],[-75.1131047060515,39.263203707318],[-75.1130309894716,39.2632193885258],[-75.1129769105963,39.2632311783964],[-75.1129227991344,39.2632390958125],[-75.112868789376,39.2632547011189],[-75.1128245641121,39.2632664111355],[-75.1127705527729,39.2632858322543],[-75.1127018126816,39.2633053317433],[-75.1126134967707,39.2633440980991],[-75.1125201722191,39.2633713873332],[-75.1124023647801,39.263410281621],[-75.1121127337673,39.2635151521042],[-75.1113268190618,39.2638120964881],[-75.1111194172624,39.2638904587326],[-75.1110132923889,39.2639305550506],[-75.1093590477011,39.2645325109876],[-75.1086472554332,39.2647927087597],[-75.1078372544691,39.2650802392878],[-75.1075476755594,39.2651927307494],[-75.1074593900918,39.265231466014],[-75.1073563046932,39.2652702793031],[-75.1072679501632,39.2653051980329],[-75.1071600220708,39.2653516960252],[-75.1070668237049,39.2653943012824],[-75.1069883907814,39.2654329848275],[-75.1069050805006,39.2654793542633],[-75.1068413754429,39.2655179609515],[-75.1067825830737,39.2655527261577],[-75.1067140682522,39.2656028351118],[-75.1066406767229,39.2656568132045],[-75.1065722608623,39.2657184258574],[-75.1064891809217,39.2657915912156],[-75.1063474054367,39.2659109712447],[-75.1061177371683,39.2661150725674],[-75.1049937269887,39.267116174811],[-75.1042850480496,39.2677438114013],[-75.1035062316473,39.2684406077207],[-75.1034200719947,39.2685176927617],[-75.1026721787008,39.2691685042182],[-75.1024406314862,39.2693701649477]]}},{"type":"Feature","id":483475,"properties":{"OBJECTID":483475,"PRIMENAME":"Memorial Avenue","ELEVTYP_F":0,"ELEVTYP_T":0},"geometry":{"type":"LineString","coordinates":[[-75.0296114611076,39.245159064843],[-75.0295883948673,39.2450029396523],[-75.0295767961772,39.2449210051778],[-75.0295715996296,39.2448357202685],[-75.0295618399438,39.2447539972283],[-75.0294738091318,39.2440964449121],[-75.0294264574858,39.2437770051001],[-75.0293465546157,39.2432208515709],[-75.029329992089,39.243105569626],[-75.029300218098,39.2429165525323],[-75.0291516127825,39.2418799278964],[-75.029010647133,39.2407643292817],[-75.0289916189571,39.2406613140993],[-75.0289864141826,39.240579571163],[-75.0289719408457,39.240476535287],[-75.0289712733534,39.2403876597628],[-75.0289704190413,39.2402739089263],[-75.0289695915446,39.2401637279178],[-75.0289688706515,39.2400677406529],[-75.028972651082,39.2399646227663],[-75.0289766000774,39.2398793232447],[-75.0289858639189,39.239814856283],[-75.0289939816352,39.2397583505732],[-75.0290114435587,39.2396480855867],[-75.0290289306713,39.2395413354834],[-75.0290509203658,39.2394274808701],[-75.0290683819209,39.2393171888462],[-75.0290995942339,39.2392139184076],[-75.0291217173778,39.2391178561797],[-75.0291440086554,39.2390395564662],[-75.0291662730785,39.2389576887187],[-75.0291930307296,39.2388722576232],[-75.0292602337506,39.2386906530826],[-75.0297158264419,39.2372701773413],[-75.0297686880393,39.2371033102592],[-75.0299346180724,39.236579515315],[-75.0299570142613,39.2365153830528],[-75.0299839653199,39.2364512859113],[-75.0300217657764,39.2363838441897]]}},{"type":"Feature","id":483476,"properties":{"OBJECTID":483476,"PRIMENAME":"Main Street","ELEVTYP_F":0,"ELEVTYP_T":0},"geometry":{"type":"LineString","coordinates":[[-75.0845027032947,39.262056186179],[-75.0842588561988,39.2619325631103],[-75.0836032856149,39.2615994758695],[-75.0825880282373,39.2610738996391],[-75.0817751339062,39.2606603714005],[-75.0808460713422,39.2601807231987],[-75.0800145388993,39.259761482367],[-75.0797822216276,39.2596379572595],[-75.0794376263807,39.259462767378],[-75.079029343308,39.2592560150652],[-75.0786247464682,39.259046333356],[-75.0783288619892,39.2588970100861],[-75.0779954818443,39.2587275533506],[-75.0772763161628,39.2583628676875],[-75.0767443628134,39.2580870907577],[-75.07617874512,39.2577970072203],[-75.0757030020957,39.2575528515863],[-75.0756392621046,39.2575202679458],[-75.0752535491232,39.2573230888969],[-75.0748677399454,39.2571277701203],[-75.0745493625603,39.2569640783698],[-75.0740699221897,39.2567199612666],[-75.0737590713293,39.2565648789744],[-75.0733919987014,39.2563753119544],[-75.073066094597,39.2562058041655],[-75.0727252654039,39.2560335141671],[-75.0723207179709,39.2558208995647],[-75.0720061068065,39.2556629475144],[-75.0716090854048,39.2554589971434],[-75.0713543956097,39.2553297717128],[-75.0711072057235,39.2552062741701],[-75.0708562610132,39.2550770022499],[-75.0705603033145,39.2549189818459],[-75.0702494333153,39.2547638901924],[-75.0698224751087,39.2545426998906],[-75.0696433705208,39.2544511369331],[-75.0694741278743,39.2543646159923],[-75.0691557402817,39.2542063071029],[-75.0691333405512,39.2541951698681],[-75.0687850080082,39.2540141732771],[-75.0684105122221,39.2538246266601],[-75.0681333506777,39.253683888657],[-75.067871175801,39.2535488709703],[-75.0676239515263,39.2534195738779],[-75.0673430856697,39.2532788520309],[-75.0671183452866,39.2531610585607],[-75.0670284624127,39.2531147293807],[-75.0668786559659,39.2530375154346],[-75.06669889246,39.2529484968235],[-75.0665453322927,39.2528680532631],[-75.0663805303384,39.2527818439883],[-75.0662232497926,39.2527043286334],[-75.0660768390777,39.2526277385185]]}},{"type":"Feature","id":483477,"properties":{"OBJECTID":483477,"PRIMENAME":"Matts Landing Road","ELEVTYP_F":0,"ELEVTYP_T":0},"geometry":{"type":"LineString","coordinates":[[-74.9921513380214,39.2275293314759],[-74.9924782664396,39.2276244342245],[-74.9927620989608,39.2277207335979],[-74.9931389881941,39.2278419271691],[-74.9933529957464,39.2279132057426],[-74.9936042526848,39.2279951719944],[-74.9938927235373,39.2280878528577],[-74.9944835755708,39.2282730705056],[-74.9951395989763,39.2284832960462],[-74.9956002488692,39.2286366074288],[-74.9960794781418,39.2287862129435],[-74.9976939778269,39.2293100728467],[-74.998536154059,39.2295772264078],[-74.9991596361096,39.2297803745058],[-74.9996138604696,39.2299265827792],[-75.0002112201471,39.2301188580346],[-75.0007461043589,39.2302871468549]]}},{"type":"Feature","id":483478,"properties":{"OBJECTID":483478,"PRIMENAME":"Earth Dike Road","ELEVTYP_F":0,"ELEVTYP_T":0},"geometry":{"type":"LineString","coordinates":[[-75.0017024940777,39.2439446761195],[-75.0097374554539,39.2334372973283],[-75.0097615920067,39.2334054142962],[-75.0097853706183,39.2333733706775],[-75.0098087924472,39.2333411664674],[-75.0098318528934,39.2333088061904],[-75.0098545519702,39.2332762916482],[-75.0098768873745,39.2332436246529],[-75.0098988579744,39.2332108088128]]}},{"type":"Feature","id":483480,"properties":{"OBJECTID":483480,"PRIMENAME":"River Road","ELEVTYP_F":0,"ELEVTYP_T":0},"geometry":{"type":"LineString","coordinates":[[-74.9897747678146,39.2561728108431],[-74.989904495263,39.2560320427805],[-74.9902640250901,39.2556478059526],[-74.9904760377461,39.2554158621111],[-74.9907387869341,39.2551367254675],[-74.9908030852973,39.2550843141873],[-74.990851932176,39.2550597258436],[-74.9909192629509,39.2550420895597],[-74.9909875898486,39.2550355417267],[-74.9910399806575,39.2550379836625],[-74.9911144092285,39.2550557096299],[-74.9912401049107,39.2551021302082],[-74.9913984876197,39.2551664534424],[-74.9915988538766,39.2552595137462],[-74.9917431625319,39.2553166434204],[-74.9918207506647,39.2553366067409],[-74.9918919703726,39.2553448997697],[-74.99195696068,39.2553410282823],[-74.9919943484568,39.2553343907485],[-74.9920229138273,39.2553233971805],[-74.9920727385886,39.2552971845219],[-74.9921421016793,39.2552571887177],[-74.9922068141043,39.2552135885317],[-74.9922900005753,39.2551554664831],[-74.9924331979449,39.2550429189758],[-74.9927658163649,39.2547923950083],[-74.9931215327638,39.2545273564734],[-74.9935743199275,39.2542004569971],[-74.993846958223,39.2540043287605],[-74.9943229759889,39.2536773827988],[-74.9953075981738,39.2530341373445],[-74.9958900609888,39.2526597526576],[-74.9962829153362,39.2523909502095],[-74.9967003669105,39.2521166438177],[-74.9969300220167,39.2519657371258],[-74.9971194892765,39.2518313225772],[-74.997378354226,39.2516677536056],[-74.997618702842,39.2515078601466],[-74.9979376700002,39.2513043033584],[-74.9984045515756,39.2509990435178],[-74.9986125273591,39.2508609782735],[-74.998811290442,39.2507337142083],[-74.9990331355778,39.250584742937],[-74.9992134606063,39.2504720279552],[-74.9993382314954,39.2503884627056],[-74.9995138691793,39.2502721703801],[-74.9996387172879,39.2501994233226],[-74.9997218916924,39.2501412968939],[-74.9998328252426,39.2500686084298],[-74.9999576561355,39.2499886392302],[-75.0000684507164,39.249901509193],[-75.0001700200314,39.2498180705927],[-75.0002714860982,39.249720134551],[-75.0003209349892,39.2496690807598],[-75.0003452442009,39.2496439812774],[-75.0004142992311,39.2495570302177],[-75.0004786935106,39.2494701270699],[-75.0005430872349,39.2493831680371],[-75.0005980903852,39.2492818353109],[-75.0006437296902,39.2491697239615],[-75.0006985540621,39.2490431311589],[-75.0007669312605,39.2488659035159],[-75.0009628853221,39.2483451615192],[-75.0012733728543,39.2476036658108],[-75.0014009644331,39.2472593221493],[-75.0014100522524,39.247234796028],[-75.0015604637817,39.2468406061256],[-75.0017610167611,39.2463126218495],[-75.0018703568811,39.2460124568018],[-75.001872710421,39.2460066895167],[-75.0019707243023,39.2457665308764],[-75.0020161890037,39.2456255078504],[-75.0020342378729,39.2455568424809],[-75.002056982743,39.2454881019151],[-75.0020703030048,39.2454050410911],[-75.0020836834492,39.2453255508576],[-75.0020831684,39.2452533126755],[-75.0020778646471,39.2451631120551],[-75.002049103776,39.2450368509089],[-75.002025184922,39.2449358576184],[-75.0019441469267,39.2446437617855],[-75.0019041268772,39.2444888498684],[-75.0018677453817,39.2443480209992],[-75.0018059610628,39.2441460934997],[-75.0017826749172,39.2440889304529],[-75.0017553233138,39.2440217939121],[-75.0017024940777,39.2439446761195]]}},{"type":"Feature","id":483521,"properties":{"OBJECTID":483521,"PRIMENAME":"Main Street","ELEVTYP_F":0,"ELEVTYP_T":0},"geometry":{"type":"LineString","coordinates":[[-75.0897218272903,39.2647244935208],[-75.0894812533474,39.2646060545106],[-75.0892976510241,39.2645083859639],[-75.0889417410484,39.264324605981],[-75.0885221563337,39.2641121233543],[-75.0881774346593,39.2639311950027],[-75.0875218025363,39.2635951918822],[-75.0864953020994,39.2630667962322],[-75.0859857908701,39.2628054727387],[-75.0851878928135,39.2624035072993],[-75.0845027032947,39.262056186179]]}},{"type":"Feature","id":483581,"properties":{"OBJECTID":483581,"PRIMENAME":"Miller Avenue","ELEVTYP_F":0,"ELEVTYP_T":0},"geometry":{"type":"LineString","coordinates":[[-75.0300217657764,39.2363838441897],[-75.0298652341478,39.2364660761869],[-75.0296328254438,39.2365666649412],[-75.0291863110227,39.2367606747465],[-75.0291172228915,39.2367901085584],[-75.0286212667124,39.2370014032391],[-75.0280106918966,39.2372636965689],[-75.0274592673312,39.237490135517],[-75.0270309757391,39.2376743319705],[-75.026957999011,39.2377057179607],[-75.0266025936324,39.2378566373351],[-75.0263336866383,39.2379644955939],[-75.0261513668034,39.2380364058179],[-75.0261167683232,39.2380500537007],[-75.0259781640951,39.2381047325574],[-75.0258230908672,39.2381516430524],[-75.0256908163648,39.2381877973355],[-75.0255311258161,39.2382311862535],[-75.0253621943053,39.23825682452],[-75.025211514707,39.2382823802407],[-75.0250379926315,39.2383080657618],[-75.0248506575019,39.2383231331359],[-75.0246816543192,39.2383345476767],[-75.0244531859627,39.2383497717721],[-75.0242247179114,39.2383650503681],[-75.0241562323568,39.2383760125963],[-75.0240832093615,39.2383941333063],[-75.0240285361629,39.2384156584923],[-75.023960209623,39.2384480080822],[-75.0239539115288,39.2384509739913]]}},{"type":"Feature","id":483582,"properties":{"OBJECTID":483582,"PRIMENAME":"Ogden Avenue","ELEVTYP_F":0,"ELEVTYP_T":0},"geometry":{"type":"LineString","coordinates":[[-75.0240070690223,39.2386006503769],[-75.0241136577417,39.2387992351033],[-75.0243781380552,39.2393241772165],[-75.0247171286951,39.2400300822017],[-75.0252560962544,39.2411972414057],[-75.0255530344554,39.2417824666531],[-75.0256121259137,39.2419078022892],[-75.0256366644102,39.2419598463471],[-75.0257112813533,39.2421549767848],[-75.0257950102341,39.2423501480074],[-75.0258556554469,39.2425134082324],[-75.0259395431211,39.2427298857219],[-75.0259780787159,39.2428337474327],[-75.0259908931907,39.2428682837615]]}},{"type":"Feature","id":483583,"properties":{"OBJECTID":483583,"PRIMENAME":"Main Street","ELEVTYP_F":0,"ELEVTYP_T":0},"geometry":{"type":"LineString","coordinates":[[-75.0485423281852,39.2469021946218],[-75.0489504434913,39.2469450820786],[-75.049763359723,39.2470128825924],[-75.0499748344688,39.2470321219636],[-75.0506140648847,39.2470902744667],[-75.0514144029909,39.2471613631559],[-75.0517680258422,39.2471926214166],[-75.0525332635083,39.2472602600151],[-75.0532834022707,39.2473283337454],[-75.0541969234747,39.2474086403392],[-75.0545186385062,39.2474383278093],[-75.0548758181085,39.2474738034474],[-75.0549793971969,39.247482964898],[-75.0551901401183,39.2475016019357],[-75.0551986256101,39.2475023857345]]}},{"type":"Feature","id":483584,"properties":{"OBJECTID":483584,"PRIMENAME":"Strawberry Avenue","ELEVTYP_F":0,"ELEVTYP_T":0},"geometry":{"type":"LineString","coordinates":[[-75.0511119848061,39.2576123403424],[-75.0509611565565,39.2575018877546],[-75.0499846541309,39.2567856757553],[-75.0493380645515,39.2563093286999],[-75.0484010954214,39.2556133445539],[-75.0480184246032,39.2553295389606],[-75.0478952727423,39.2552383025621],[-75.0477984846148,39.2551673689679],[-75.0477016784705,39.2550896269966],[-75.0476268920008,39.2550321822218],[-75.0475652323755,39.254978051945],[-75.0475035560215,39.2549171403574],[-75.047454999567,39.2548629763446],[-75.0474196154519,39.2548087503954],[-75.0473929794689,39.254757833458],[-75.047357480337,39.2546934215819],[-75.047339471813,39.2546255224021],[-75.047316951441,39.2545406216685],[-75.0470899609824,39.2534707004112],[-75.0467990073695,39.2520440017105],[-75.0465901550686,39.2510521641406],[-75.0463827122171,39.2500599257442],[-75.0463494186572,39.249900676689],[-75.0461037265642,39.2486783172976]]}},{"type":"Feature","id":483585,"properties":{"OBJECTID":483585,"PRIMENAME":"Memorial Avenue","ELEVTYP_F":0,"ELEVTYP_T":0},"geometry":{"type":"LineString","coordinates":[[-75.0298323445753,39.2465498851499],[-75.029879262037,39.246839288786],[-75.0299863641966,39.247702654876],[-75.0300360113962,39.2480389885627],[-75.0301164139613,39.2485836804413],[-75.0303118606983,39.2496421377634],[-75.030425164582,39.2501180010132],[-75.0304298827531,39.250135898616],[-75.0307008996264,39.2511637081335],[-75.0307027174195,39.2511706190395]]}},{"type":"Feature","id":483586,"properties":{"OBJECTID":483586,"PRIMENAME":"Cook Road","ELEVTYP_F":0,"ELEVTYP_T":0},"geometry":{"type":"LineString","coordinates":[[-75.024482349208,39.2629784709076],[-75.0243571532507,39.2629717470829],[-75.0242407117227,39.2629458557619],[-75.0237839632732,39.2628519811806],[-75.0232501503363,39.2627362063125],[-75.0228398498865,39.2626351677033],[-75.0218238270252,39.2623672285193],[-75.0210174499025,39.262152563778],[-75.0203258297634,39.2619776995389],[-75.0199674518039,39.2618833703815],[-75.0196386114067,39.26181393213],[-75.0192098452405,39.2617134098913],[-75.0188268084393,39.2616119022388],[-75.0183222757981,39.2614869093371],[-75.0177535321887,39.2613461841016],[-75.0173189822322,39.2612431204707],[-75.0170277024553,39.2611670031638],[-75.0165747507863,39.2610515619369],[-75.0164187360798,39.2610033151589]]}},{"type":"Feature","id":483587,"properties":{"OBJECTID":483587,"PRIMENAME":"North Avenue","ELEVTYP_F":0,"ELEVTYP_T":0},"geometry":{"type":"LineString","coordinates":[[-75.0272341896333,39.2690170724218],[-75.02720835755,39.2689701514577],[-75.0271979808381,39.2689562285791],[-75.0271533729683,39.2688963767107],[-75.0268555863056,39.2684888637076],[-75.0260402840995,39.2673998457714],[-75.0256372083497,39.2668588969109],[-75.0253853439256,39.2665251684532],[-75.0253451944108,39.2664726977558],[-75.0252617124207,39.2663635926873],[-75.0251928166161,39.266247596286],[-75.0251194792193,39.2661421621275],[-75.0250688965632,39.2660472252338],[-75.0249907500568,39.2659030712489],[-75.0249216710269,39.2657623913218],[-75.0248707733226,39.2656251434907],[-75.0248291905201,39.2655195939327],[-75.0247828400402,39.2653858684756],[-75.0247501847964,39.2652697075674],[-75.0247175310455,39.2651394344441],[-75.0247031705018,39.265037277156],[-75.0246843324744,39.264945710223],[-75.0246698143942,39.2648224114645],[-75.0246503209617,39.2646427664983],[-75.0246258414121,39.2643961484273],[-75.0246015108777,39.2641741589066],[-75.02455771281,39.2637760653577],[-75.0245330666181,39.263511820791],[-75.0245234948736,39.2633885222237],[-75.0245180249823,39.2633180426069],[-75.0244986707652,39.263152454192],[-75.0244887274583,39.2630361917688],[-75.0244865492442,39.2630164871952],[-75.024482349208,39.2629784709076]]}},{"type":"Feature","id":483588,"properties":{"OBJECTID":483588,"PRIMENAME":"Matts Landing Road","ELEVTYP_F":0,"ELEVTYP_T":0},"geometry":{"type":"LineString","coordinates":[[-75.0007461043589,39.2302871468549],[-75.0007888491419,39.230300595242],[-75.0008904966345,39.2303325760956],[-75.0014256275989,39.230510831929],[-75.0022724300875,39.2307743414574],[-75.0028586410737,39.2309559394661],[-75.0033473156786,39.2311235140486],[-75.0043663121861,39.2314512827356],[-75.0048921846267,39.23162593775],[-75.0060973057453,39.2320106270297],[-75.0064643115832,39.2321316031384],[-75.0067999776094,39.2322422477931],[-75.0080750092744,39.2326591482219],[-75.0088474166304,39.2329048943574],[-75.0096652700915,39.2331798663636],[-75.0097106747104,39.2331951311953],[-75.0097874125295,39.233207672618],[-75.009843148943,39.2332110526726],[-75.0098988579744,39.2332108088128]]}},{"type":"Feature","id":483589,"properties":{"OBJECTID":483589,"PRIMENAME":"Main Street","ELEVTYP_F":0,"ELEVTYP_T":0},"geometry":{"type":"LineString","coordinates":[[-74.9898568438313,39.2317100187105],[-74.9899010514369,39.231655165444],[-74.9900279328958,39.2314822006948],[-74.9900783036889,39.2314197301956],[-74.9901891184169,39.2312822937621],[-74.9903258471535,39.2311093151647],[-74.9904774400396,39.2309515941118],[-74.9905801659484,39.2308438869916],[-74.9907123241934,39.2307245504775],[-74.990844712549,39.2306281667159],[-74.9910996955642,39.2304585605572],[-74.9913547024191,39.230292714674],[-74.9915607294583,39.2301654328908],[-74.9917420865439,39.2300343831543],[-74.9918841442263,39.2299226641096],[-74.9919722356215,39.2298380263751],[-74.9920454547662,39.2297419190594],[-74.9921038099712,39.2296305532922],[-74.9921473389854,39.2295192780627],[-74.9921859415908,39.2294003351049],[-74.9922046767354,39.2292623110704],[-74.9922031247082,39.2290401340664],[-74.9921964160718,39.2287872553621],[-74.9921843188522,39.2284654810205],[-74.9921599107725,39.22779129077],[-74.9921513380214,39.2275293314759]]}},{"type":"Feature","id":483590,"properties":{"OBJECTID":483590,"PRIMENAME":"Menhaden Road","ELEVTYP_F":0,"ELEVTYP_T":0},"geometry":{"type":"LineString","coordinates":[[-74.9960552000698,39.2384045477872],[-74.9965222153444,39.2389154560275],[-74.9973083429927,39.2397750243775],[-74.9982260131418,39.2407987452274],[-74.998272348644,39.2408504343208],[-74.9987872955038,39.2414439667514],[-74.9991242129223,39.2418071812469],[-74.9994003782732,39.2421273275504],[-74.9996014978636,39.2423359077283],[-74.9996951027684,39.2424401995965],[-74.999798044125,39.2425517002297],[-74.9998775586502,39.2426307654632],[-74.9999663748082,39.2427170387186],[-75.0000737639987,39.242803205137],[-75.0001718000882,39.2428750237084],[-75.0002558374389,39.242939653417],[-75.0003818505334,39.2430329605336],[-75.0004939116144,39.243115536533],[-75.0006386102963,39.2432196080537],[-75.000815903326,39.2433488279871],[-75.0010211001162,39.243474330638],[-75.0011750874962,39.2435783615249],[-75.0013755735894,39.2436966349088],[-75.0014278359198,39.2437267504657],[-75.001473448848,39.2437503861985],[-75.0015240920316,39.2437813599588],[-75.0015667541607,39.2438121203409],[-75.0016161563951,39.2438521589592],[-75.001629055923,39.2438654805909],[-75.0016589140571,39.2438963186046],[-75.0017003377217,39.2439415262297],[-75.0017024940777,39.2439446761195]]}},{"type":"Feature","id":483817,"properties":{"OBJECTID":483817,"PRIMENAME":"Main Street","ELEVTYP_F":0,"ELEVTYP_T":0},"geometry":{"type":"LineString","coordinates":[[-75.0968295499909,39.2675747974062],[-75.096876808088,39.2675993482985],[-75.0969829642095,39.2676591271575],[-75.0971179423276,39.2677396245917],[-75.0972567387737,39.2678288068512],[-75.0973917911926,39.267917980225],[-75.0975418837163,39.2680187463119],[-75.0976956855821,39.2681194373133],[-75.097715481166,39.2681320930368],[-75.0978307148518,39.2682057547087],[-75.0981271588597,39.2684071939539],[-75.0983975890062,39.2685857566213]]}},{"type":"Feature","id":484031,"properties":{"OBJECTID":484031,"PRIMENAME":"High Street","ELEVTYP_F":0,"ELEVTYP_T":0},"geometry":{"type":"LineString","coordinates":[[-75.0338260016489,39.2333375342791],[-75.0338227422114,39.2334072430713],[-75.0337819214985,39.2337882325877],[-75.03365015942,39.2348598552365],[-75.0336266651469,39.2350488668879]]}},{"type":"Feature","id":484032,"properties":{"OBJECTID":484032,"PRIMENAME":"Howard Street","ELEVTYP_F":0,"ELEVTYP_T":0},"geometry":{"type":"LineString","coordinates":[[-75.0330295064641,39.2349859385197],[-75.033062418633,39.2346253648081],[-75.0330867474251,39.2343627658443],[-75.0330584072919,39.2342463328681],[-75.0330244744498,39.2341468320914],[-75.0329206648857,39.2338848203572],[-75.0328658905336,39.2337524925608],[-75.0327838726889,39.2336487625179],[-75.0326169585454,39.2335142774497]]}},{"type":"Feature","id":484033,"properties":{"OBJECTID":484033,"PRIMENAME":"Miller Avenue","ELEVTYP_F":0,"ELEVTYP_T":0},"geometry":{"type":"LineString","coordinates":[[-75.0311011855587,39.2356125771325],[-75.0310904608508,39.2356207676559],[-75.0309021653917,39.2357645755773],[-75.0306386400278,39.2359755209356],[-75.030475045551,39.2361042439799],[-75.0303432230527,39.236204376002],[-75.0302002866056,39.2362913794525],[-75.0300495838168,39.2363692477111],[-75.0300217657764,39.2363838441897]]}},{"type":"Feature","id":484034,"properties":{"OBJECTID":484034,"PRIMENAME":"Church Street","ELEVTYP_F":0,"ELEVTYP_T":0},"geometry":{"type":"LineString","coordinates":[[-75.0393384197177,39.2444354151911],[-75.0394554447374,39.2435902728147],[-75.0395019019942,39.2432547490968],[-75.0395290366834,39.2430587707677]]}},{"type":"Feature","id":484035,"properties":{"OBJECTID":484035,"PRIMENAME":"Church Street","ELEVTYP_F":0,"ELEVTYP_T":0},"geometry":{"type":"LineString","coordinates":[[-75.0390810716679,39.2460540730378],[-75.039207619384,39.2452643171786]]}},{"type":"Feature","id":484036,"properties":{"OBJECTID":484036,"PRIMENAME":"High Street","ELEVTYP_F":0,"ELEVTYP_T":0},"geometry":{"type":"LineString","coordinates":[[-75.0351586257721,39.2456948207983],[-75.0352154817043,39.2446686818489],[-75.0352487735201,39.244063924778]]}},{"type":"Feature","id":484037,"properties":{"OBJECTID":484037,"PRIMENAME":"Pearl Street","ELEVTYP_F":0,"ELEVTYP_T":0},"geometry":{"type":"LineString","coordinates":[[-75.0326223625081,39.2467928939429],[-75.0326224300618,39.2467924819595],[-75.0328314004288,39.245457169172]]}},{"type":"Feature","id":484038,"properties":{"OBJECTID":484038,"PRIMENAME":"Main Street","ELEVTYP_F":0,"ELEVTYP_T":0},"geometry":{"type":"LineString","coordinates":[[-75.0309647037507,39.2452737421093],[-75.0317946045858,39.2453510637429],[-75.0319376850888,39.2453659395796],[-75.0320607217399,39.245378729527],[-75.032544743641,39.2454290468664],[-75.0328314004288,39.245457169172]]}},{"type":"Feature","id":484039,"properties":{"OBJECTID":484039,"PRIMENAME":"North Avenue","ELEVTYP_F":0,"ELEVTYP_T":0},"geometry":{"type":"LineString","coordinates":[[-75.0283467478421,39.2464374158676],[-75.0284141928771,39.2459762154246],[-75.0284679252285,39.2456170814534],[-75.0285496438473,39.2450677618689]]}},{"type":"Feature","id":484040,"properties":{"OBJECTID":484040,"PRIMENAME":"Ogden Avenue","ELEVTYP_F":0,"ELEVTYP_T":0},"geometry":{"type":"LineString","coordinates":[[-75.0257761456316,39.2462176129612],[-75.025984826429,39.2448404693551]]}},{"type":"Feature","id":484041,"properties":{"OBJECTID":484041,"PRIMENAME":"Maurice Street","ELEVTYP_F":0,"ELEVTYP_T":0},"geometry":{"type":"LineString","coordinates":[[-75.0250577329247,39.2435870005218],[-75.0250095355853,39.2435847828734],[-75.0249595677493,39.2435890446771],[-75.0249138271545,39.2436013866818],[-75.0249041918364,39.2436067845814],[-75.024888942986,39.2436169019525],[-75.0248814502081,39.2436301426437],[-75.0248763700803,39.2436402150872],[-75.0248735603559,39.2436518149989],[-75.0248673080167,39.2436704586232],[-75.0248642724213,39.2436868816427],[-75.0248567859679,39.2437273973358],[-75.0248004112147,39.2440753120789],[-75.024734419139,39.2444500965255],[-75.0246996048937,39.2447300408576]]}},{"type":"Feature","id":484042,"properties":{"OBJECTID":484042,"PRIMENAME":"Main Street","ELEVTYP_F":0,"ELEVTYP_T":0},"geometry":{"type":"LineString","coordinates":[[-75.025984826429,39.2448404693551],[-75.0256608880781,39.244812717351],[-75.0246996048937,39.2447300408576]]}},{"type":"Feature","id":484043,"properties":{"OBJECTID":484043,"PRIMENAME":"North Avenue","ELEVTYP_F":0,"ELEVTYP_T":0},"geometry":{"type":"LineString","coordinates":[[-75.0281922389521,39.247494031222],[-75.0283467478421,39.2464374158676]]}},{"type":"Feature","id":484044,"properties":{"OBJECTID":484044,"PRIMENAME":"Peace Avenue","ELEVTYP_F":0,"ELEVTYP_T":0},"geometry":{"type":"LineString","coordinates":[[-75.0279538606916,39.249153599725],[-75.0277997886311,39.2491487237845],[-75.0277009129502,39.2491441749852],[-75.0275977629123,39.2491346206955],[-75.0274880396648,39.2491150735709],[-75.027376247515,39.2491022080791],[-75.0256185905976,39.2489431878504]]}},{"type":"Feature","id":484045,"properties":{"OBJECTID":484045,"PRIMENAME":"North Avenue","ELEVTYP_F":0,"ELEVTYP_T":0},"geometry":{"type":"LineString","coordinates":[[-75.0276875840267,39.2509797605413],[-75.0276886560627,39.2509722311435],[-75.0277933610056,39.2502369568349],[-75.0279538606916,39.249153599725]]}},{"type":"Feature","id":484046,"properties":{"OBJECTID":484046,"PRIMENAME":"Garrison Avenue","ELEVTYP_F":0,"ELEVTYP_T":0},"geometry":{"type":"LineString","coordinates":[[-75.0248389206207,39.2587384163248],[-75.0254784312779,39.2587659116671],[-75.0260294154869,39.2588995260732],[-75.0265461092393,39.2588667785512]]}},{"type":"Feature","id":484047,"properties":{"OBJECTID":484047,"PRIMENAME":"Newell Road","ELEVTYP_F":0,"ELEVTYP_T":0},"geometry":{"type":"LineString","coordinates":[[-74.992573198661,39.2392641529186],[-74.9924952838786,39.2393513567444],[-74.9923342790472,39.239568673333],[-74.9920815254306,39.239945245359],[-74.9918012733408,39.2403688288032],[-74.9915762053369,39.2407163970452],[-74.9915728171507,39.2407217379028]]}},{"type":"Feature","id":484048,"properties":{"OBJECTID":484048,"PRIMENAME":"Quail Street","ELEVTYP_F":0,"ELEVTYP_T":0},"geometry":{"type":"LineString","coordinates":[[-74.9933474050881,39.2397890135195],[-74.9933203589482,39.2398244655068],[-74.9931963075127,39.2400091449197],[-74.9930860397771,39.2401756728425],[-74.9930033769709,39.2403060041103],[-74.9928838983952,39.2404833887881],[-74.992773628407,39.2406499704637],[-74.9926679697304,39.2408092845161],[-74.9925576996966,39.2409758389557],[-74.9924782061492,39.2410901767625],[-74.9924493047788,39.2411278325887],[-74.9924263804746,39.2411569792013],[-74.9923381019861,39.2412572138569]]}},{"type":"Feature","id":484331,"properties":{"OBJECTID":484331,"PRIMENAME":"James Moore Road","ELEVTYP_F":0,"ELEVTYP_T":0},"geometry":{"type":"LineString","coordinates":[[-75.0722379010162,39.265629470395],[-75.0722044604092,39.2656435550155],[-75.0721711068607,39.2656683480911],[-75.072139827852,39.2656920319701],[-75.0721170405316,39.2657175415119],[-75.0721047962883,39.2657363548397],[-75.0720726676976,39.2657858260101],[-75.0720339038659,39.2658664096948],[-75.0719998044169,39.2659125124683],[-75.0719755294261,39.2659547511233],[-75.0719743618291,39.2659556693841],[-75.0719314820298,39.2659893984254],[-75.0718922525029,39.266012572688],[-75.0718383903278,39.2660434514006]]}},{"type":"Feature","id":484478,"properties":{"OBJECTID":484478,"PRIMENAME":"Germantown Street","ELEVTYP_F":0,"ELEVTYP_T":0},"geometry":{"type":"LineString","coordinates":[[-75.0338260016489,39.2333375342791],[-75.0350518513208,39.2333694234952]]}},{"type":"Feature","id":484479,"properties":{"OBJECTID":484479,"PRIMENAME":"Miller Avenue","ELEVTYP_F":0,"ELEVTYP_T":0},"geometry":{"type":"LineString","coordinates":[[-75.0330295064641,39.2349859385197],[-75.0330157507623,39.2349844889899],[-75.0326513025355,39.2349460840586],[-75.0325918308917,39.2349392449257],[-75.0325323590481,39.2349323778378],[-75.0324683062659,39.2349220175575],[-75.0324087450037,39.2349080667567],[-75.0323538097616,39.2348940677578],[-75.0322942848672,39.2348801716822],[-75.0322439220836,39.2348732907439],[-75.0322060646191,39.2348734637284]]}},{"type":"Feature","id":484480,"properties":{"OBJECTID":484480,"PRIMENAME":"Miller Avenue","ELEVTYP_F":0,"ELEVTYP_T":0},"geometry":{"type":"LineString","coordinates":[[-75.0322060646191,39.2348734637284],[-75.0321982380712,39.2348734994892],[-75.0321616616721,39.2348736666058],[-75.0321160233764,39.2348845282224],[-75.0320430406393,39.2349026267123],[-75.0319701586264,39.2349385168175],[-75.0318292505762,39.2350458031096],[-75.0316758195115,39.2351727527687],[-75.0316520967412,39.235192381849],[-75.0314803659236,39.2353232036299],[-75.0313657505294,39.2354105170837],[-75.0311011855587,39.2356125771325]]}},{"type":"Feature","id":484481,"properties":{"OBJECTID":484481,"PRIMENAME":"Dubois Road","ELEVTYP_F":0,"ELEVTYP_T":0},"geometry":{"type":"LineString","coordinates":[[-75.0311011855587,39.2356125771325],[-75.0325124582669,39.2356408340824]]}},{"type":"Feature","id":484482,"properties":{"OBJECTID":484482,"PRIMENAME":"Bacon Street","ELEVTYP_F":0,"ELEVTYP_T":0},"geometry":{"type":"LineString","coordinates":[[-75.0377264154436,39.244278099895],[-75.0377572631537,39.244079770834],[-75.0377976017788,39.2438204187445],[-75.0378651898439,39.2434449043955],[-75.0378853333882,39.243332980897]]}},{"type":"Feature","id":484483,"properties":{"OBJECTID":484483,"PRIMENAME":"Church Street","ELEVTYP_F":0,"ELEVTYP_T":0},"geometry":{"type":"LineString","coordinates":[[-75.039207619384,39.2452643171786],[-75.0393384197177,39.2444354151911]]}},{"type":"Feature","id":484484,"properties":{"OBJECTID":484484,"PRIMENAME":"Main Street","ELEVTYP_F":0,"ELEVTYP_T":0},"geometry":{"type":"LineString","coordinates":[[-75.0431657278475,39.2464247932044],[-75.0431616628425,39.2464243725624],[-75.0425390840598,39.2463695048462],[-75.041766645736,39.246301135881]]}},{"type":"Feature","id":484485,"properties":{"OBJECTID":484485,"PRIMENAME":"Main Street","ELEVTYP_F":0,"ELEVTYP_T":0},"geometry":{"type":"LineString","coordinates":[[-75.0386189671318,39.246010000781],[-75.0378416053963,39.2459386909566],[-75.0374771500769,39.2459056126003]]}},{"type":"Feature","id":484486,"properties":{"OBJECTID":484486,"PRIMENAME":"Main Street","ELEVTYP_F":0,"ELEVTYP_T":0},"geometry":{"type":"LineString","coordinates":[[-75.0363256484463,39.2457993354633],[-75.0361570579007,39.2457836654262],[-75.0357002827881,39.2457434278652],[-75.0351586257721,39.2456948207983]]}},{"type":"Feature","id":484487,"properties":{"OBJECTID":484487,"PRIMENAME":"Ogden Avenue","ELEVTYP_F":0,"ELEVTYP_T":0},"geometry":{"type":"LineString","coordinates":[[-75.0259908931907,39.2428682837615],[-75.0260421558063,39.2429995990205],[-75.0260703434378,39.2430954342812],[-75.0260936042392,39.243155762539],[-75.0261169624071,39.2432196594012],[-75.0261356499781,39.243272896332],[-75.0261546839707,39.2433723419665],[-75.0261689944415,39.2434540447623],[-75.0261695788788,39.2435322675405],[-75.0261656081543,39.2436104829708],[-75.0261634977602,39.2436871252712]]}},{"type":"Feature","id":484488,"properties":{"OBJECTID":484488,"PRIMENAME":"Brown Street","ELEVTYP_F":0,"ELEVTYP_T":0},"geometry":{"type":"LineString","coordinates":[[-75.0283467478421,39.2464374158676],[-75.0280855424445,39.246417924903],[-75.0278468053566,39.2463951732511],[-75.0271708461883,39.2463307472216]]}},{"type":"Feature","id":484489,"properties":{"OBJECTID":484489,"PRIMENAME":"Taylor Avenue","ELEVTYP_F":0,"ELEVTYP_T":0},"geometry":{"type":"LineString","coordinates":[[-75.0276875840267,39.2509797605413],[-75.0288787086737,39.2510857267063]]}},{"type":"Feature","id":484491,"properties":{"OBJECTID":484491,"PRIMENAME":"Menhaden Road","ELEVTYP_F":0,"ELEVTYP_T":0},"geometry":{"type":"LineString","coordinates":[[-74.995557534736,39.237862136565],[-74.9956378988967,39.23794798255],[-74.9958546340376,39.2381851112456],[-74.9960552000698,39.2384045477872]]}},{"type":"Feature","id":484810,"properties":{"OBJECTID":484810,"PRIMENAME":"High Street","ELEVTYP_F":0,"ELEVTYP_T":0},"geometry":{"type":"LineString","coordinates":[[-75.0338420169343,39.2329949054898],[-75.0338267133417,39.2333223134403],[-75.0338260016489,39.2333375342791]]}},{"type":"Feature","id":484811,"properties":{"OBJECTID":484811,"PRIMENAME":"Miller Avenue","ELEVTYP_F":0,"ELEVTYP_T":0},"geometry":{"type":"LineString","coordinates":[[-75.0336266651469,39.2350488668879],[-75.0336211888132,39.2350482884268],[-75.0330295064641,39.2349859385197]]}},{"type":"Feature","id":484812,"properties":{"OBJECTID":484812,"PRIMENAME":"Jeffries Avenue","ELEVTYP_F":0,"ELEVTYP_T":0},"geometry":{"type":"LineString","coordinates":[[-75.0259908931907,39.2428682837615],[-75.0265185932135,39.2427554651716]]}},{"type":"Feature","id":484813,"properties":{"OBJECTID":484813,"PRIMENAME":"North Avenue","ELEVTYP_F":0,"ELEVTYP_T":0},"geometry":{"type":"LineString","coordinates":[[-75.0269487063494,39.2549659135008],[-75.0269762196434,39.2549285852106],[-75.0270254772522,39.2548472814545],[-75.0270657997347,39.2547801312362],[-75.0271015929885,39.2547165435206],[-75.0271238699494,39.2546635601499],[-75.0271449555359,39.2546167329551]]}},{"type":"Feature","id":484814,"properties":{"OBJECTID":484814,"PRIMENAME":"Peterson Lane","ELEVTYP_F":0,"ELEVTYP_T":0},"geometry":{"type":"LineString","coordinates":[[-75.0010074756679,39.2297854401473],[-75.0007461043589,39.2302871468549]]}},{"type":"Feature","id":484961,"properties":{"OBJECTID":484961,"PRIMENAME":"North Avenue","ELEVTYP_F":0,"ELEVTYP_T":0},"geometry":{"type":"LineString","coordinates":[[-75.0248610867869,39.2585343703668],[-75.0248389206207,39.2587384163248]]}}]}
